stationReference,dateTime,value
685513,2026-10-03 16:00:00+00:00,1.143
685513,2026-10-03 15:30:00+00:00,1.151
685513,2026-10-03 15:15:00+00:00,1.156
685513,2026-10-03 15:00:00+00:00,1.159
685513,2026-10-03 14:45:00+00:00,1.161
685513,2026-10-03 14:30:00+00:00,1.165
685513,2026-10-03 14:15:00+00:00,1.168
685513,2026-10-03 14:00:00+00:00,1.172
685513,2026-10-03 13:45:00+00:00,1.175
685513,2026-10-03 13:30:00+00:00,1.177
685513,2026-10-03 13:15:00+00:00,1.179
685513,2026-10-03 13:00:00+00:00,1.182
685513,2026-10-03 12:45:00+00:00,1.184
685513,2026-10-03 12:30:00+00:00,1.187
685513,2026-10-03 12:15:00+00:00,1.19
685513,2026-10-03 12:00:00+00:00,1.191
685513,2026-10-03 11:45:00+00:00,1.193
685513,2026-10-03 11:30:00+00:00,1.194
685513,2026-10-03 11:15:00+00:00,1.195
685513,2026-10-03 11:00:00+00:00,1.194
685513,2026-10-03 10:45:00+00:00,1.192
685513,2026-10-03 10:30:00+00:00,1.191
685513,2026-10-03 10:15:00+00:00,1.192
685513,2026-10-03 10:00:00+00:00,1.192
685513,2026-10-03 09:45:00+00:00,1.188
685513,2026-10-03 09:30:00+00:00,1.186
685513,2026-10-03 09:15:00+00:00,1.183
685513,2026-10-03 09:00:00+00:00,1.181
685513,2026-10-03 08:45:00+00:00,1.175
685513,2026-10-03 08:30:00+00:00,1.172
685513,2026-10-03 08:15:00+00:00,1.168
685513,2026-10-03 08:00:00+00:00,1.164
685513,2026-10-03 07:45:00+00:00,1.161
685513,2026-10-03 07:30:00+00:00,1.155
685513,2026-10-03 07:15:00+00:00,1.15
685513,2026-10-03 07:00:00+00:00,1.143
685513,2026-10-03 06:45:00+00:00,1.137
685513,2026-10-03 06:30:00+00:00,1.13
685513,2026-10-03 06:15:00+00:00,1.121
685513,2026-10-03 06:00:00+00:00,1.114
685513,2026-10-03 05:45:00+00:00,1.104
685513,2026-10-03 05:30:00+00:00,1.095
685513,2026-10-03 05:15:00+00:00,1.087
685513,2026-10-03 05:00:00+00:00,1.078
685513,2026-10-03 04:45:00+00:00,1.067
685513,2026-10-03 04:30:00+00:00,1.056
685513,2026-10-03 04:15:00+00:00,1.043
685513,2026-10-03 04:00:00+00:00,1.03
685513,2026-10-03 03:45:00+00:00,1.017
685513,2026-10-03 03:30:00+00:00,1.003
685513,2026-10-03 03:15:00+00:00,0.99
685513,2026-10-03 03:00:00+00:00,0.978
685513,2026-10-03 02:45:00+00:00,0.965
685513,2026-10-03 02:30:00+00:00,0.952
685513,2026-10-03 02:15:00+00:00,0.94
685513,2026-10-03 02:00:00+00:00,0.929
685513,2026-10-03 01:45:00+00:00,0.919
685513,2026-10-03 01:30:00+00:00,0.908
685513,2026-10-03 01:15:00+00:00,0.897
685513,2026-10-03 01:00:00+00:00,0.886
685513,2026-10-03 00:45:00+00:00,0.876
685513,2026-10-03 00:30:00+00:00,0.863
685513,2026-10-03 00:00:00+00:00,0.84
685513,2026-10-02 23:45:00+00:00,0.827
685513,2026-10-02 23:30:00+00:00,0.815
685513,2026-10-02 23:15:00+00:00,0.8
685513,2026-10-02 23:00:00+00:00,0.771
685513,2026-10-02 22:45:00+00:00,0.752
685513,2026-10-02 22:30:00+00:00,0.743
685513,2026-10-02 22:15:00+00:00,0.742
685513,2026-10-02 22:00:00+00:00,0.744
685513,2026-10-02 21:45:00+00:00,0.746
685513,2026-10-02 21:30:00+00:00,0.747
685513,2026-10-02 21:15:00+00:00,0.747
685513,2026-10-02 21:00:00+00:00,0.748
685513,2026-10-02 20:45:00+00:00,0.749
685513,2026-10-02 20:30:00+00:00,0.747
685513,2026-10-02 20:15:00+00:00,0.749
685513,2026-10-02 20:00:00+00:00,0.751
685513,2026-10-02 19:45:00+00:00,0.752
685513,2026-10-02 19:30:00+00:00,0.752
685513,2026-10-02 19:15:00+00:00,0.754
685513,2026-10-02 19:00:00+00:00,0.756
685513,2026-10-02 18:45:00+00:00,0.755
685513,2026-10-02 18:30:00+00:00,0.757
685513,2026-10-02 18:15:00+00:00,0.759
685513,2026-10-02 18:00:00+00:00,0.759
685513,2026-10-02 17:45:00+00:00,0.759
685513,2026-10-02 17:30:00+00:00,0.76
685513,2026-10-02 17:15:00+00:00,0.76
685513,2026-10-02 17:00:00+00:00,0.763
685513,2026-10-02 16:45:00+00:00,0.765
685513,2026-10-02 16:30:00+00:00,0.765
685513,2026-10-02 16:15:00+00:00,0.767
685513,2026-10-02 16:00:00+00:00,0.767
685513,2026-10-02 15:45:00+00:00,0.769
685513,2026-10-02 15:30:00+00:00,0.77
685513,2026-10-02 15:15:00+00:00,0.772
685513,2026-10-02 15:00:00+00:00,0.775
685513,2026-10-02 14:45:00+00:00,0.777
685513,2026-10-02 14:30:00+00:00,0.776
685513,2026-10-02 14:15:00+00:00,0.778
685513,2026-10-02 14:00:00+00:00,0.782
685513,2026-10-02 13:45:00+00:00,0.784
685513,2026-10-02 13:30:00+00:00,0.786
685513,2026-10-02 13:15:00+00:00,0.787
685513,2026-10-02 13:00:00+00:00,0.787
685513,2026-10-02 12:45:00+00:00,0.789
685513,2026-10-02 12:30:00+00:00,0.792
685513,2026-10-02 12:15:00+00:00,0.794
685513,2026-10-02 12:00:00+00:00,0.795
685513,2026-10-02 11:45:00+00:00,0.797
685513,2026-10-02 11:30:00+00:00,0.798
685513,2026-10-02 11:15:00+00:00,0.799
685513,2026-10-02 11:00:00+00:00,0.802
685513,2026-10-02 10:45:00+00:00,0.803
685513,2026-10-02 10:30:00+00:00,0.804
685513,2026-10-02 10:15:00+00:00,0.806
685513,2026-10-02 10:00:00+00:00,0.807
685513,2026-10-02 09:45:00+00:00,0.807
685513,2026-10-02 09:30:00+00:00,0.807
685513,2026-10-02 09:15:00+00:00,0.809
685513,2026-10-02 09:00:00+00:00,0.809
685513,2026-10-02 08:45:00+00:00,0.81
685513,2026-10-02 08:30:00+00:00,0.811
685513,2026-10-02 08:15:00+00:00,0.81
685513,2026-10-02 08:00:00+00:00,0.81
685513,2026-10-02 07:45:00+00:00,0.81
685513,2026-10-02 07:30:00+00:00,0.809
685513,2026-10-02 07:15:00+00:00,0.809
685513,2026-10-02 07:00:00+00:00,0.811
685513,2026-10-02 06:45:00+00:00,0.81
685513,2026-10-02 06:30:00+00:00,0.81
685513,2026-10-02 06:15:00+00:00,0.811
685513,2026-10-02 06:00:00+00:00,0.813
685513,2026-10-02 05:45:00+00:00,0.813
685513,2026-10-02 05:30:00+00:00,0.814
685513,2026-10-02 05:15:00+00:00,0.814
685513,2026-10-02 05:00:00+00:00,0.816
685513,2026-10-02 04:45:00+00:00,0.817
685513,2026-10-02 04:30:00+00:00,0.818
685513,2026-10-02 04:15:00+00:00,0.819
685513,2026-10-02 04:00:00+00:00,0.82
685513,2026-10-02 03:45:00+00:00,0.82
685513,2026-10-02 03:30:00+00:00,0.822
685513,2026-10-02 03:15:00+00:00,0.822
685513,2026-10-02 03:00:00+00:00,0.823
685513,2026-10-02 02:45:00+00:00,0.825
685513,2026-10-02 02:30:00+00:00,0.826
685513,2026-10-02 02:15:00+00:00,0.828
685513,2026-10-02 02:00:00+00:00,0.832
685513,2026-10-02 01:45:00+00:00,0.834
685513,2026-10-02 01:30:00+00:00,0.837
685513,2026-10-02 01:15:00+00:00,0.839
685513,2026-10-02 01:00:00+00:00,0.84
685513,2026-10-02 00:45:00+00:00,0.842
685513,2026-10-02 00:30:00+00:00,0.845
685513,2026-10-02 00:15:00+00:00,0.847
685513,2026-10-02 00:00:00+00:00,0.848
685513,2026-10-01 23:45:00+00:00,0.85
685513,2026-10-01 23:30:00+00:00,0.851
685513,2026-10-01 23:15:00+00:00,0.853
685513,2026-10-01 23:00:00+00:00,0.855
685513,2026-10-01 22:45:00+00:00,0.855
685513,2026-10-01 22:30:00+00:00,0.857
685513,2026-10-01 22:15:00+00:00,0.859
685513,2026-10-01 22:00:00+00:00,0.861
685513,2026-10-01 21:45:00+00:00,0.862
685513,2026-10-01 21:30:00+00:00,0.866
685513,2026-10-01 21:15:00+00:00,0.868
685513,2026-10-01 21:00:00+00:00,0.87
685513,2026-10-01 20:45:00+00:00,0.871
685513,2026-10-01 20:30:00+00:00,0.873
685513,2026-10-01 20:15:00+00:00,0.877
685513,2026-10-01 20:00:00+00:00,0.879
685513,2026-10-01 19:45:00+00:00,0.882
685513,2026-10-01 19:30:00+00:00,0.883
685513,2026-10-01 19:15:00+00:00,0.886
685513,2026-10-01 19:00:00+00:00,0.889
685513,2026-10-01 18:45:00+00:00,0.89
685513,2026-10-01 18:30:00+00:00,0.893
685513,2026-10-01 18:15:00+00:00,0.895
685513,2026-10-01 18:00:00+00:00,0.898
685513,2026-10-01 17:45:00+00:00,0.9
685513,2026-10-01 17:30:00+00:00,0.902
685513,2026-10-01 17:15:00+00:00,0.904
685513,2026-10-01 17:00:00+00:00,0.907
685513,2026-10-01 16:45:00+00:00,0.908
685513,2026-10-01 16:30:00+00:00,0.91
685513,2026-10-01 16:15:00+00:00,0.913
685513,2026-10-01 16:00:00+00:00,0.916
685513,2026-10-01 15:45:00+00:00,0.918
685513,2026-10-01 15:30:00+00:00,0.921
685513,2026-10-01 15:15:00+00:00,0.925
685513,2026-10-01 15:00:00+00:00,0.928
685513,2026-10-01 14:45:00+00:00,0.93
685513,2026-10-01 14:30:00+00:00,0.933
685513,2026-10-01 14:15:00+00:00,0.936
685513,2026-10-01 14:00:00+00:00,0.941
685513,2026-10-01 13:45:00+00:00,0.945
685513,2026-10-01 13:30:00+00:00,0.949
685513,2026-10-01 13:15:00+00:00,0.952
685513,2026-10-01 13:00:00+00:00,0.957
685513,2026-10-01 12:45:00+00:00,0.962
685513,2026-10-01 12:30:00+00:00,0.967
685513,2026-10-01 12:15:00+00:00,0.973
685513,2026-10-01 12:00:00+00:00,0.977
685513,2026-10-01 11:45:00+00:00,0.981
685513,2026-10-01 11:30:00+00:00,0.983
685513,2026-10-01 11:15:00+00:00,0.987
685513,2026-10-01 11:00:00+00:00,0.99
685513,2026-10-01 10:45:00+00:00,0.994
685513,2026-10-01 10:30:00+00:00,0.999
685513,2026-10-01 10:15:00+00:00,1.003
685513,2026-10-01 10:00:00+00:00,1.005
685513,2026-10-01 09:45:00+00:00,1.009
685513,2026-10-01 09:30:00+00:00,1.012
685513,2026-10-01 09:15:00+00:00,1.016
685513,2026-10-01 09:00:00+00:00,1.019
685513,2026-10-01 08:45:00+00:00,1.023
685513,2026-10-01 08:30:00+00:00,1.026
685513,2026-10-01 08:15:00+00:00,1.027
685513,2026-10-01 08:00:00+00:00,1.031
685513,2026-10-01 07:45:00+00:00,1.035
685513,2026-10-01 07:30:00+00:00,1.038
685513,2026-10-01 07:15:00+00:00,1.041
685513,2026-10-01 07:00:00+00:00,1.043
685513,2026-10-01 06:45:00+00:00,1.047
685513,2026-10-01 06:30:00+00:00,1.049
685513,2026-10-01 06:15:00+00:00,1.05
685513,2026-10-01 06:00:00+00:00,1.052
685513,2026-10-01 05:45:00+00:00,1.055
685513,2026-10-01 05:30:00+00:00,1.059
685513,2026-10-01 05:15:00+00:00,1.062
685513,2026-10-01 05:00:00+00:00,1.063
685513,2026-10-01 04:45:00+00:00,1.068
685513,2026-10-01 04:30:00+00:00,1.071
685513,2026-10-01 04:15:00+00:00,1.073
685513,2026-10-01 04:00:00+00:00,1.076
685513,2026-10-01 03:45:00+00:00,1.078
685513,2026-10-01 03:30:00+00:00,1.081
685513,2026-10-01 03:15:00+00:00,1.082
685513,2026-10-01 03:00:00+00:00,1.084
685513,2026-10-01 02:45:00+00:00,1.087
685513,2026-10-01 02:30:00+00:00,1.09
685513,2026-10-01 02:15:00+00:00,1.094
685513,2026-10-01 02:00:00+00:00,1.097
685513,2026-10-01 01:45:00+00:00,1.099
685513,2026-10-01 01:30:00+00:00,1.101
685513,2026-10-01 01:15:00+00:00,1.103
685513,2026-10-01 01:00:00+00:00,1.105
685513,2026-10-01 00:45:00+00:00,1.106
685513,2026-10-01 00:30:00+00:00,1.109
685513,2026-10-01 00:15:00+00:00,1.111
685513,2026-10-01 00:00:00+00:00,1.115
685513,2026-09-30 23:45:00+00:00,1.118
685513,2026-09-30 23:30:00+00:00,1.117
685513,2026-09-30 23:15:00+00:00,1.12
685513,2026-09-30 23:00:00+00:00,1.122
685513,2026-09-30 22:45:00+00:00,1.122
685513,2026-09-30 22:30:00+00:00,1.122
685513,2026-09-30 22:15:00+00:00,1.123
685513,2026-09-30 22:00:00+00:00,1.125
685513,2026-09-30 21:45:00+00:00,1.128
685513,2026-09-30 21:30:00+00:00,1.128
685513,2026-09-30 21:15:00+00:00,1.128
685513,2026-09-30 21:00:00+00:00,1.129
685513,2026-09-30 20:45:00+00:00,1.128
685513,2026-09-30 20:15:00+00:00,1.128
685513,2026-09-30 20:00:00+00:00,1.128
685513,2026-09-30 19:45:00+00:00,1.125
685513,2026-09-30 19:30:00+00:00,1.124
685513,2026-09-30 19:15:00+00:00,1.124
685513,2026-09-30 19:00:00+00:00,1.121
685513,2026-09-30 18:45:00+00:00,1.118
685513,2026-09-30 18:30:00+00:00,1.117
685513,2026-09-30 18:15:00+00:00,1.114
685513,2026-09-30 18:00:00+00:00,1.11
685513,2026-09-30 17:45:00+00:00,1.108
685513,2026-09-30 17:30:00+00:00,1.105
685513,2026-09-30 17:15:00+00:00,1.102
685513,2026-09-30 17:00:00+00:00,1.099
685513,2026-09-30 16:45:00+00:00,1.095
685513,2026-09-30 16:30:00+00:00,1.093
685513,2026-09-30 16:15:00+00:00,1.088
685513,2026-09-30 16:00:00+00:00,1.082
685513,2026-09-30 15:45:00+00:00,1.078
685513,2026-09-30 15:30:00+00:00,1.074
685513,2026-09-30 15:15:00+00:00,1.069
685513,2026-09-30 15:00:00+00:00,1.062
685513,2026-09-30 14:45:00+00:00,1.057
685513,2026-09-30 14:30:00+00:00,1.052
685513,2026-09-30 14:15:00+00:00,1.046
685513,2026-09-30 14:00:00+00:00,1.041
685513,2026-09-30 13:45:00+00:00,1.035
685513,2026-09-30 13:30:00+00:00,1.028
685513,2026-09-30 13:15:00+00:00,1.022
685513,2026-09-30 13:00:00+00:00,1.015
685513,2026-09-30 12:45:00+00:00,1.007
685513,2026-09-30 12:30:00+00:00,0.999
685513,2026-09-30 12:15:00+00:00,0.99
685513,2026-09-30 12:00:00+00:00,0.982
685513,2026-09-30 11:45:00+00:00,0.972
685513,2026-09-30 11:30:00+00:00,0.962
685513,2026-09-30 11:15:00+00:00,0.951
685513,2026-09-30 11:00:00+00:00,0.94
685513,2026-09-30 10:45:00+00:00,0.929
685513,2026-09-30 10:30:00+00:00,0.918
685513,2026-09-30 10:15:00+00:00,0.907
685513,2026-09-30 10:00:00+00:00,0.895
685513,2026-09-30 09:45:00+00:00,0.884
685513,2026-09-30 09:30:00+00:00,0.872
685513,2026-09-30 09:15:00+00:00,0.86
685513,2026-09-30 09:00:00+00:00,0.847
685513,2026-09-30 08:45:00+00:00,0.832
685513,2026-09-30 08:30:00+00:00,0.819
685513,2026-09-30 08:15:00+00:00,0.806
685513,2026-09-30 08:00:00+00:00,0.793
685513,2026-09-30 07:45:00+00:00,0.778
685513,2026-09-30 07:30:00+00:00,0.768
685513,2026-09-30 07:15:00+00:00,0.754
685513,2026-09-30 07:00:00+00:00,0.745
685513,2026-09-30 06:45:00+00:00,0.732
685513,2026-09-30 06:30:00+00:00,0.72
685513,2026-09-30 06:15:00+00:00,0.711
685513,2026-09-30 06:00:00+00:00,0.704
685513,2026-09-30 05:45:00+00:00,0.698
685513,2026-09-30 05:30:00+00:00,0.691
685513,2026-09-30 05:15:00+00:00,0.681
685513,2026-09-30 05:00:00+00:00,0.665
685513,2026-09-30 04:45:00+00:00,0.658
685513,2026-09-30 04:30:00+00:00,0.646
685513,2026-09-30 04:15:00+00:00,0.643
685513,2026-09-30 04:00:00+00:00,0.64
685513,2026-09-30 03:45:00+00:00,0.637
685513,2026-09-30 03:30:00+00:00,0.636
685513,2026-09-30 03:15:00+00:00,0.636
685513,2026-09-30 03:00:00+00:00,0.635
685513,2026-09-30 02:45:00+00:00,0.635
685513,2026-09-30 02:30:00+00:00,0.633
685513,2026-09-30 02:15:00+00:00,0.635
685513,2026-09-30 02:00:00+00:00,0.634
685513,2026-09-30 01:45:00+00:00,0.635
685513,2026-09-30 01:30:00+00:00,0.639
685513,2026-09-30 01:15:00+00:00,0.64
685513,2026-09-30 01:00:00+00:00,0.639
685513,2026-09-30 00:45:00+00:00,0.64
685513,2026-09-30 00:30:00+00:00,0.64
685513,2026-09-30 00:15:00+00:00,0.64
685513,2026-09-30 00:00:00+00:00,0.64
685513,2026-09-29 23:45:00+00:00,0.64
685513,2026-09-29 23:30:00+00:00,0.642
685513,2026-09-29 23:15:00+00:00,0.643
685513,2026-09-29 23:00:00+00:00,0.645
685513,2026-09-29 22:45:00+00:00,0.647
685513,2026-09-29 22:30:00+00:00,0.648
685513,2026-09-29 22:15:00+00:00,0.647
685513,2026-09-29 22:00:00+00:00,0.648
685513,2026-09-29 21:45:00+00:00,0.649
685513,2026-09-29 21:30:00+00:00,0.652
685513,2026-09-29 21:15:00+00:00,0.654
685513,2026-09-29 21:00:00+00:00,0.65
685513,2026-09-29 20:45:00+00:00,0.651
685513,2026-09-29 20:30:00+00:00,0.653
685513,2026-09-29 20:15:00+00:00,0.653
685513,2026-09-29 20:00:00+00:00,0.655
685513,2026-09-29 19:45:00+00:00,0.655
685513,2026-09-29 19:30:00+00:00,0.656
685513,2026-09-29 19:15:00+00:00,0.659
685513,2026-09-29 19:00:00+00:00,0.657
685513,2026-09-29 18:45:00+00:00,0.659
685513,2026-09-29 18:30:00+00:00,0.659
685513,2026-09-29 18:15:00+00:00,0.657
685513,2026-09-29 18:00:00+00:00,0.657
685513,2026-09-29 17:45:00+00:00,0.659
685513,2026-09-29 17:30:00+00:00,0.658
685513,2026-09-29 17:15:00+00:00,0.657
685513,2026-09-29 17:00:00+00:00,0.658
685513,2026-09-29 16:45:00+00:00,0.657
685513,2026-09-29 16:30:00+00:00,0.656
685513,2026-09-29 16:15:00+00:00,0.655
685513,2026-09-29 16:00:00+00:00,0.657
685513,2026-09-29 15:45:00+00:00,0.657
685513,2026-09-29 15:30:00+00:00,0.658
685513,2026-09-29 15:15:00+00:00,0.658
685513,2026-09-29 15:00:00+00:00,0.66
685513,2026-09-29 14:45:00+00:00,0.663
685513,2026-09-29 14:30:00+00:00,0.664
685513,2026-09-29 14:15:00+00:00,0.667
685513,2026-09-29 14:00:00+00:00,0.665
685513,2026-09-29 13:45:00+00:00,0.665
685513,2026-09-29 13:30:00+00:00,0.664
685513,2026-09-29 13:15:00+00:00,0.668
685513,2026-09-29 13:00:00+00:00,0.665
685513,2026-09-29 12:45:00+00:00,0.669
685513,2026-09-29 12:30:00+00:00,0.671
685513,2026-09-29 12:15:00+00:00,0.674
685513,2026-09-29 12:00:00+00:00,0.678
685513,2026-09-29 11:45:00+00:00,0.678
685513,2026-09-29 11:30:00+00:00,0.677
685513,2026-09-29 11:15:00+00:00,0.681
685513,2026-09-29 11:00:00+00:00,0.682
685513,2026-09-29 10:45:00+00:00,0.683
685513,2026-09-29 10:30:00+00:00,0.682
685513,2026-09-29 10:15:00+00:00,0.684
685513,2026-09-29 10:00:00+00:00,0.684
685513,2026-09-29 09:45:00+00:00,0.686
685513,2026-09-29 09:30:00+00:00,0.688
685513,2026-09-29 09:15:00+00:00,0.687
685513,2026-09-29 09:00:00+00:00,0.694
685513,2026-09-29 08:45:00+00:00,0.695
685513,2026-09-29 08:30:00+00:00,0.696
685513,2026-09-29 08:15:00+00:00,0.7
685513,2026-09-29 08:00:00+00:00,0.703
685513,2026-09-29 07:45:00+00:00,0.706
685513,2026-09-29 07:30:00+00:00,0.707
685513,2026-09-29 07:15:00+00:00,0.708
685513,2026-09-29 07:00:00+00:00,0.71
685513,2026-09-29 06:45:00+00:00,0.712
685513,2026-09-29 06:30:00+00:00,0.712
685513,2026-09-29 06:15:00+00:00,0.711
685513,2026-09-29 06:00:00+00:00,0.712
685513,2026-09-29 05:45:00+00:00,0.71
685513,2026-09-29 05:30:00+00:00,0.71
685513,2026-09-29 05:15:00+00:00,0.712
685513,2026-09-29 05:00:00+00:00,0.714
685513,2026-09-29 04:45:00+00:00,0.717
685513,2026-09-29 04:30:00+00:00,0.72
685513,2026-09-29 04:15:00+00:00,0.721
685513,2026-09-29 04:00:00+00:00,0.723
685513,2026-09-29 03:45:00+00:00,0.724
685513,2026-09-29 03:30:00+00:00,0.727
685513,2026-09-29 03:15:00+00:00,0.73
685513,2026-09-29 03:00:00+00:00,0.733
685513,2026-09-29 02:45:00+00:00,0.735
685513,2026-09-29 02:30:00+00:00,0.737
685513,2026-09-29 02:15:00+00:00,0.74
685513,2026-09-29 02:00:00+00:00,0.74
685513,2026-09-29 01:45:00+00:00,0.742
685513,2026-09-29 01:30:00+00:00,0.742
685513,2026-09-29 01:15:00+00:00,0.742
685513,2026-09-29 01:00:00+00:00,0.743
685513,2026-09-29 00:45:00+00:00,0.744
685513,2026-09-29 00:30:00+00:00,0.742
685513,2026-09-29 00:15:00+00:00,0.743
685513,2026-09-29 00:00:00+00:00,0.743
685513,2026-09-28 23:45:00+00:00,0.741
685513,2026-09-28 23:30:00+00:00,0.742
685513,2026-09-28 23:15:00+00:00,0.744
685513,2026-09-28 23:00:00+00:00,0.746
685513,2026-09-28 22:45:00+00:00,0.746
685513,2026-09-28 22:30:00+00:00,0.747
685513,2026-09-28 22:15:00+00:00,0.748
685513,2026-09-28 22:00:00+00:00,0.749
685513,2026-09-28 21:45:00+00:00,0.749
685513,2026-09-28 21:30:00+00:00,0.75
685513,2026-09-28 21:15:00+00:00,0.752
685513,2026-09-28 21:00:00+00:00,0.752
685513,2026-09-28 20:45:00+00:00,0.752
685513,2026-09-28 20:30:00+00:00,0.752
685513,2026-09-28 20:15:00+00:00,0.753
685513,2026-09-28 20:00:00+00:00,0.753
685513,2026-09-28 19:45:00+00:00,0.755
685513,2026-09-28 19:30:00+00:00,0.754
685513,2026-09-28 19:15:00+00:00,0.753
685513,2026-09-28 19:00:00+00:00,0.753
685513,2026-09-28 18:45:00+00:00,0.753
685513,2026-09-28 18:30:00+00:00,0.754
685513,2026-09-28 18:15:00+00:00,0.755
685513,2026-09-28 18:00:00+00:00,0.756
685513,2026-09-28 17:45:00+00:00,0.757
685513,2026-09-28 17:30:00+00:00,0.757
685513,2026-09-28 17:15:00+00:00,0.758
685513,2026-09-28 17:00:00+00:00,0.759
685513,2026-09-28 16:45:00+00:00,0.76
685513,2026-09-28 16:30:00+00:00,0.761
685513,2026-09-28 16:15:00+00:00,0.763
685513,2026-09-28 16:00:00+00:00,0.763
685513,2026-09-28 15:45:00+00:00,0.763
685513,2026-09-28 15:30:00+00:00,0.765
685513,2026-09-28 15:15:00+00:00,0.769
685513,2026-09-28 15:00:00+00:00,0.771
685513,2026-09-28 14:45:00+00:00,0.772
685513,2026-09-28 14:30:00+00:00,0.773
685513,2026-09-28 14:15:00+00:00,0.776
685513,2026-09-28 14:00:00+00:00,0.779
685513,2026-09-28 13:45:00+00:00,0.783
685513,2026-09-28 13:30:00+00:00,0.784
685513,2026-09-28 13:15:00+00:00,0.785
685513,2026-09-28 13:00:00+00:00,0.79
685513,2026-09-28 12:45:00+00:00,0.793
685513,2026-09-28 12:30:00+00:00,0.794
685513,2026-09-28 12:15:00+00:00,0.797
685513,2026-09-28 12:00:00+00:00,0.799
685513,2026-09-28 11:45:00+00:00,0.8
685513,2026-09-28 11:30:00+00:00,0.801
685513,2026-09-28 11:15:00+00:00,0.804
685513,2026-09-28 11:00:00+00:00,0.806
685513,2026-09-28 10:45:00+00:00,0.807
685513,2026-09-28 10:30:00+00:00,0.807
685513,2026-09-28 10:15:00+00:00,0.807
685513,2026-09-28 10:00:00+00:00,0.809
685513,2026-09-28 09:45:00+00:00,0.81
685513,2026-09-28 09:30:00+00:00,0.81
685513,2026-09-28 09:15:00+00:00,0.811
685513,2026-09-28 09:00:00+00:00,0.812
685513,2026-09-28 08:45:00+00:00,0.813
685513,2026-09-28 08:30:00+00:00,0.812
685513,2026-09-28 08:15:00+00:00,0.812
685513,2026-09-28 08:00:00+00:00,0.812
685513,2026-09-28 07:45:00+00:00,0.811
685513,2026-09-28 07:30:00+00:00,0.811
685513,2026-09-28 07:15:00+00:00,0.812
685513,2026-09-28 07:00:00+00:00,0.813
685513,2026-09-28 06:45:00+00:00,0.812
685513,2026-09-28 06:30:00+00:00,0.813
685513,2026-09-28 06:15:00+00:00,0.812
685513,2026-09-28 06:00:00+00:00,0.813
685513,2026-09-28 05:45:00+00:00,0.813
685513,2026-09-28 05:30:00+00:00,0.815
685513,2026-09-28 05:15:00+00:00,0.814
685513,2026-09-28 05:00:00+00:00,0.813
685513,2026-09-28 04:45:00+00:00,0.814
685513,2026-09-28 04:30:00+00:00,0.815
685513,2026-09-28 04:15:00+00:00,0.815
685513,2026-09-28 04:00:00+00:00,0.815
685513,2026-09-28 03:45:00+00:00,0.815
685513,2026-09-28 03:30:00+00:00,0.814
685513,2026-09-28 03:15:00+00:00,0.814
685513,2026-09-28 03:00:00+00:00,0.814
685513,2026-09-28 02:45:00+00:00,0.815
685513,2026-09-28 02:30:00+00:00,0.814
685513,2026-09-28 02:15:00+00:00,0.814
685513,2026-09-28 02:00:00+00:00,0.817
685513,2026-09-28 01:45:00+00:00,0.816
685513,2026-09-28 01:30:00+00:00,0.816
685513,2026-09-28 01:15:00+00:00,0.815
685513,2026-09-28 01:00:00+00:00,0.815
685513,2026-09-28 00:45:00+00:00,0.815
685513,2026-09-28 00:30:00+00:00,0.814
685513,2026-09-28 00:15:00+00:00,0.812
685513,2026-09-28 00:00:00+00:00,0.812
685513,2026-09-27 23:45:00+00:00,0.812
685513,2026-09-27 23:30:00+00:00,0.812
685513,2026-09-27 23:15:00+00:00,0.811
685513,2026-09-27 23:00:00+00:00,0.811
685513,2026-09-27 22:45:00+00:00,0.811
685513,2026-09-27 22:30:00+00:00,0.81
685513,2026-09-27 22:15:00+00:00,0.809
685513,2026-09-27 22:00:00+00:00,0.807
685513,2026-09-27 21:45:00+00:00,0.808
685513,2026-09-27 21:30:00+00:00,0.806
685513,2026-09-27 21:15:00+00:00,0.804
685513,2026-09-27 21:00:00+00:00,0.802
685513,2026-09-27 20:45:00+00:00,0.801
685513,2026-09-27 20:30:00+00:00,0.799
685513,2026-09-27 20:15:00+00:00,0.797
685513,2026-09-27 20:00:00+00:00,0.794
685513,2026-09-27 19:45:00+00:00,0.792
685513,2026-09-27 19:30:00+00:00,0.79
685513,2026-09-27 19:15:00+00:00,0.788
685513,2026-09-27 19:00:00+00:00,0.786
685513,2026-09-27 18:45:00+00:00,0.784
685513,2026-09-27 18:30:00+00:00,0.784
685513,2026-09-27 18:15:00+00:00,0.782
685513,2026-09-27 18:00:00+00:00,0.779
685513,2026-09-27 17:45:00+00:00,0.777
685513,2026-09-27 17:30:00+00:00,0.775
685513,2026-09-27 17:15:00+00:00,0.774
685513,2026-09-27 17:00:00+00:00,0.772
685513,2026-09-27 16:45:00+00:00,0.772
685513,2026-09-27 16:30:00+00:00,0.769
685513,2026-09-27 16:15:00+00:00,0.768
685513,2026-09-27 16:00:00+00:00,0.766
685513,2026-09-27 15:45:00+00:00,0.764
685513,2026-09-27 15:30:00+00:00,0.765
685513,2026-09-27 15:15:00+00:00,0.766
685513,2026-09-27 15:00:00+00:00,0.766
685513,2026-09-27 14:45:00+00:00,0.762
685513,2026-09-27 14:30:00+00:00,0.761
685513,2026-09-27 14:15:00+00:00,0.751
685513,2026-09-27 14:00:00+00:00,0.752
685513,2026-09-27 13:45:00+00:00,0.75
685513,2026-09-27 13:30:00+00:00,0.752
685513,2026-09-27 13:15:00+00:00,0.748
685513,2026-09-27 13:00:00+00:00,0.746
685513,2026-09-27 12:45:00+00:00,0.744
685513,2026-09-27 12:30:00+00:00,0.741
685513,2026-09-27 12:15:00+00:00,0.743
685513,2026-09-27 12:00:00+00:00,0.747
685513,2026-09-27 11:45:00+00:00,0.744
685513,2026-09-27 11:30:00+00:00,0.752
685513,2026-09-27 11:15:00+00:00,0.75
685513,2026-09-27 11:00:00+00:00,0.752
685513,2026-09-27 10:45:00+00:00,0.753
685513,2026-09-27 10:30:00+00:00,0.752
685513,2026-09-27 10:15:00+00:00,0.752
685513,2026-09-27 10:00:00+00:00,0.757
685513,2026-09-27 09:45:00+00:00,0.758
685513,2026-09-27 09:30:00+00:00,0.761
685513,2026-09-27 09:15:00+00:00,0.765
685513,2026-09-27 09:00:00+00:00,0.767
685513,2026-09-27 08:45:00+00:00,0.767
685513,2026-09-27 08:30:00+00:00,0.77
685513,2026-09-27 08:15:00+00:00,0.772
685513,2026-09-27 08:00:00+00:00,0.775
685513,2026-09-27 07:45:00+00:00,0.779
685513,2026-09-27 07:30:00+00:00,0.782
685513,2026-09-27 07:15:00+00:00,0.782
685513,2026-09-27 07:00:00+00:00,0.784
685513,2026-09-27 06:45:00+00:00,0.788
685513,2026-09-27 06:30:00+00:00,0.792
685513,2026-09-27 06:15:00+00:00,0.797
685513,2026-09-27 06:00:00+00:00,0.799
685513,2026-09-27 05:45:00+00:00,0.802
685513,2026-09-27 05:30:00+00:00,0.804
685513,2026-09-27 05:15:00+00:00,0.811
685513,2026-09-27 05:00:00+00:00,0.814
685513,2026-09-27 04:45:00+00:00,0.818
685513,2026-09-27 04:30:00+00:00,0.823
685513,2026-09-27 04:15:00+00:00,0.826
685513,2026-09-27 04:00:00+00:00,0.83
685513,2026-09-27 03:45:00+00:00,0.834
685513,2026-09-27 03:30:00+00:00,0.838
685513,2026-09-27 03:15:00+00:00,0.842
685513,2026-09-27 03:00:00+00:00,0.845
685513,2026-09-27 02:45:00+00:00,0.851
685513,2026-09-27 02:30:00+00:00,0.853
685513,2026-09-27 02:15:00+00:00,0.857
685513,2026-09-27 02:00:00+00:00,0.862
685513,2026-09-27 01:45:00+00:00,0.866
685513,2026-09-27 01:30:00+00:00,0.871
685513,2026-09-27 01:15:00+00:00,0.876
685513,2026-09-27 01:00:00+00:00,0.879
685513,2026-09-27 00:45:00+00:00,0.884
685513,2026-09-27 00:30:00+00:00,0.888
685513,2026-09-27 00:15:00+00:00,0.894
685513,2026-09-27 00:00:00+00:00,0.897
685513,2026-09-26 23:45:00+00:00,0.901
685513,2026-09-26 23:30:00+00:00,0.905
685513,2026-09-26 23:15:00+00:00,0.91
685513,2026-09-26 23:00:00+00:00,0.914
685513,2026-09-26 22:45:00+00:00,0.919
685513,2026-09-26 22:30:00+00:00,0.923
685513,2026-09-26 22:15:00+00:00,0.926
685513,2026-09-26 22:00:00+00:00,0.931
685513,2026-09-26 21:45:00+00:00,0.934
685513,2026-09-26 21:30:00+00:00,0.938
685513,2026-09-26 21:15:00+00:00,0.941
685513,2026-09-26 21:00:00+00:00,0.944
685513,2026-09-26 20:45:00+00:00,0.947
685513,2026-09-26 20:30:00+00:00,0.951
685513,2026-09-26 20:15:00+00:00,0.953
685513,2026-09-26 20:00:00+00:00,0.957
685513,2026-09-26 19:45:00+00:00,0.959
685513,2026-09-26 19:30:00+00:00,0.961
685513,2026-09-26 19:15:00+00:00,0.962
685513,2026-09-26 19:00:00+00:00,0.963
685513,2026-09-26 18:45:00+00:00,0.964
685513,2026-09-26 18:30:00+00:00,0.965
685513,2026-09-26 18:15:00+00:00,0.965
685513,2026-09-26 18:00:00+00:00,0.966
685513,2026-09-26 17:45:00+00:00,0.966
685513,2026-09-26 17:30:00+00:00,0.966
685513,2026-09-26 17:15:00+00:00,0.964
685513,2026-09-26 17:00:00+00:00,0.964
685513,2026-09-26 16:45:00+00:00,0.962
685513,2026-09-26 16:30:00+00:00,0.961
685513,2026-09-26 16:15:00+00:00,0.959
685513,2026-09-26 16:00:00+00:00,0.957
685513,2026-09-26 15:45:00+00:00,0.954
685513,2026-09-26 15:30:00+00:00,0.95
685513,2026-09-26 15:15:00+00:00,0.949
685513,2026-09-26 15:00:00+00:00,0.946
685513,2026-09-26 14:45:00+00:00,0.943
685513,2026-09-26 14:30:00+00:00,0.939
685513,2026-09-26 14:15:00+00:00,0.935
685513,2026-09-26 14:00:00+00:00,0.929
685513,2026-09-26 13:45:00+00:00,0.923
685513,2026-09-26 13:30:00+00:00,0.917
685513,2026-09-26 13:15:00+00:00,0.912
685513,2026-09-26 13:00:00+00:00,0.905
685513,2026-09-26 12:45:00+00:00,0.9
685513,2026-09-26 12:30:00+00:00,0.893
685513,2026-09-26 12:15:00+00:00,0.887
685513,2026-09-26 12:00:00+00:00,0.882
685513,2026-09-26 11:45:00+00:00,0.877
685513,2026-09-26 11:30:00+00:00,0.874
685513,2026-09-26 11:15:00+00:00,0.873
685513,2026-09-26 11:00:00+00:00,0.871
685513,2026-09-26 10:45:00+00:00,0.87
685513,2026-09-26 10:30:00+00:00,0.871
685513,2026-09-26 10:15:00+00:00,0.872
685513,2026-09-26 10:00:00+00:00,0.873
685513,2026-09-26 09:45:00+00:00,0.875
685513,2026-09-26 09:30:00+00:00,0.876
685513,2026-09-26 09:15:00+00:00,0.878
685513,2026-09-26 09:00:00+00:00,0.881
685513,2026-09-26 08:45:00+00:00,0.882
685513,2026-09-26 08:30:00+00:00,0.881
685505,2026-10-03 16:00:00+00:00,0.203
685505,2026-10-03 15:30:00+00:00,0.204
685505,2026-10-03 15:15:00+00:00,0.204
685505,2026-10-03 15:00:00+00:00,0.204
685505,2026-10-03 14:45:00+00:00,0.205
685505,2026-10-03 14:30:00+00:00,0.205
685505,2026-10-03 14:15:00+00:00,0.205
685505,2026-10-03 14:00:00+00:00,0.206
685505,2026-10-03 13:45:00+00:00,0.207
685505,2026-10-03 13:30:00+00:00,0.206
685505,2026-10-03 13:15:00+00:00,0.207
685505,2026-10-03 13:00:00+00:00,0.207
685505,2026-10-03 12:45:00+00:00,0.208
685505,2026-10-03 12:30:00+00:00,0.209
685505,2026-10-03 12:15:00+00:00,0.209
685505,2026-10-03 12:00:00+00:00,0.209
685505,2026-10-03 11:45:00+00:00,0.209
685505,2026-10-03 11:30:00+00:00,0.21
685505,2026-10-03 11:15:00+00:00,0.211
685505,2026-10-03 11:00:00+00:00,0.212
685505,2026-10-03 10:45:00+00:00,0.212
685505,2026-10-03 10:30:00+00:00,0.213
685505,2026-10-03 10:15:00+00:00,0.213
685505,2026-10-03 10:00:00+00:00,0.214
685505,2026-10-03 09:45:00+00:00,0.213
685505,2026-10-03 09:30:00+00:00,0.215
685505,2026-10-03 09:15:00+00:00,0.215
685505,2026-10-03 09:00:00+00:00,0.216
685505,2026-10-03 08:45:00+00:00,0.216
685505,2026-10-03 08:30:00+00:00,0.216
685505,2026-10-03 08:15:00+00:00,0.217
685505,2026-10-03 08:00:00+00:00,0.217
685505,2026-10-03 07:45:00+00:00,0.218
685505,2026-10-03 07:30:00+00:00,0.218
685505,2026-10-03 07:15:00+00:00,0.218
685505,2026-10-03 07:00:00+00:00,0.219
685505,2026-10-03 06:45:00+00:00,0.218
685505,2026-10-03 06:30:00+00:00,0.219
685505,2026-10-03 06:15:00+00:00,0.219
685505,2026-10-03 06:00:00+00:00,0.22
685505,2026-10-03 05:45:00+00:00,0.22
685505,2026-10-03 05:30:00+00:00,0.22
685505,2026-10-03 05:15:00+00:00,0.215
685505,2026-10-03 05:00:00+00:00,0.207
685505,2026-10-03 04:45:00+00:00,0.207
685505,2026-10-03 04:30:00+00:00,0.208
685505,2026-10-03 04:15:00+00:00,0.209
685505,2026-10-03 04:00:00+00:00,0.21
685505,2026-10-03 03:45:00+00:00,0.212
685505,2026-10-03 03:30:00+00:00,0.213
685505,2026-10-03 03:15:00+00:00,0.215
685505,2026-10-03 03:00:00+00:00,0.216
685505,2026-10-03 02:45:00+00:00,0.219
685505,2026-10-03 02:30:00+00:00,0.221
685505,2026-10-03 02:15:00+00:00,0.224
685505,2026-10-03 02:00:00+00:00,0.228
685505,2026-10-03 01:45:00+00:00,0.231
685505,2026-10-03 01:30:00+00:00,0.235
685505,2026-10-03 01:15:00+00:00,0.24
685505,2026-10-03 01:00:00+00:00,0.247
685505,2026-10-03 00:45:00+00:00,0.257
685505,2026-10-03 00:30:00+00:00,0.269
685505,2026-10-03 00:00:00+00:00,0.311
685505,2026-10-02 23:45:00+00:00,0.274
685505,2026-10-02 23:30:00+00:00,0.292
685505,2026-10-02 23:15:00+00:00,0.281
685505,2026-10-02 23:00:00+00:00,0.246
685505,2026-10-02 22:45:00+00:00,0.199
685505,2026-10-02 22:30:00+00:00,0.198
685505,2026-10-02 22:15:00+00:00,0.199
685505,2026-10-02 22:00:00+00:00,0.198
685505,2026-10-02 21:45:00+00:00,0.198
685505,2026-10-02 21:30:00+00:00,0.198
685505,2026-10-02 21:15:00+00:00,0.198
685505,2026-10-02 21:00:00+00:00,0.198
685505,2026-10-02 20:45:00+00:00,0.198
685505,2026-10-02 20:30:00+00:00,0.198
685505,2026-10-02 20:15:00+00:00,0.197
685505,2026-10-02 20:00:00+00:00,0.198
685505,2026-10-02 19:45:00+00:00,0.198
685505,2026-10-02 19:30:00+00:00,0.198
685505,2026-10-02 19:15:00+00:00,0.197
685505,2026-10-02 19:00:00+00:00,0.198
685505,2026-10-02 18:45:00+00:00,0.198
685505,2026-10-02 18:30:00+00:00,0.198
685505,2026-10-02 18:15:00+00:00,0.198
685505,2026-10-02 18:00:00+00:00,0.198
685505,2026-10-02 17:45:00+00:00,0.198
685505,2026-10-02 17:30:00+00:00,0.199
685505,2026-10-02 17:15:00+00:00,0.199
685505,2026-10-02 17:00:00+00:00,0.198
685505,2026-10-02 16:45:00+00:00,0.198
685505,2026-10-02 16:30:00+00:00,0.198
685505,2026-10-02 16:15:00+00:00,0.199
685505,2026-10-02 16:00:00+00:00,0.199
685505,2026-10-02 15:45:00+00:00,0.199
685505,2026-10-02 15:30:00+00:00,0.199
685505,2026-10-02 15:15:00+00:00,0.199
685505,2026-10-02 15:00:00+00:00,0.199
685505,2026-10-02 14:45:00+00:00,0.2
685505,2026-10-02 14:30:00+00:00,0.199
685505,2026-10-02 14:15:00+00:00,0.2
685505,2026-10-02 14:00:00+00:00,0.2
685505,2026-10-02 13:45:00+00:00,0.2
685505,2026-10-02 13:30:00+00:00,0.2
685505,2026-10-02 13:15:00+00:00,0.2
685505,2026-10-02 13:00:00+00:00,0.201
685505,2026-10-02 12:45:00+00:00,0.201
685505,2026-10-02 12:30:00+00:00,0.201
685505,2026-10-02 12:15:00+00:00,0.201
685505,2026-10-02 12:00:00+00:00,0.201
685505,2026-10-02 11:45:00+00:00,0.201
685505,2026-10-02 11:30:00+00:00,0.202
685505,2026-10-02 11:15:00+00:00,0.202
685505,2026-10-02 11:00:00+00:00,0.203
685505,2026-10-02 10:45:00+00:00,0.203
685505,2026-10-02 10:30:00+00:00,0.203
685505,2026-10-02 10:15:00+00:00,0.203
685505,2026-10-02 10:00:00+00:00,0.203
685505,2026-10-02 09:45:00+00:00,0.203
685505,2026-10-02 09:30:00+00:00,0.202
685505,2026-10-02 09:15:00+00:00,0.201
685505,2026-10-02 09:00:00+00:00,0.202
685505,2026-10-02 08:45:00+00:00,0.203
685505,2026-10-02 08:30:00+00:00,0.203
685505,2026-10-02 08:15:00+00:00,0.204
685505,2026-10-02 08:00:00+00:00,0.205
685505,2026-10-02 07:45:00+00:00,0.206
685505,2026-10-02 07:30:00+00:00,0.207
685505,2026-10-02 07:15:00+00:00,0.209
685505,2026-10-02 07:00:00+00:00,0.21
685505,2026-10-02 06:45:00+00:00,0.212
685505,2026-10-02 06:30:00+00:00,0.211
685505,2026-10-02 06:15:00+00:00,0.207
685505,2026-10-02 06:00:00+00:00,0.203
685505,2026-10-02 05:45:00+00:00,0.2
685505,2026-10-02 05:30:00+00:00,0.201
685505,2026-10-02 05:15:00+00:00,0.204
685505,2026-10-02 05:00:00+00:00,0.2
685505,2026-10-02 04:45:00+00:00,0.198
685505,2026-10-02 04:30:00+00:00,0.197
685505,2026-10-02 04:15:00+00:00,0.197
685505,2026-10-02 04:00:00+00:00,0.197
685505,2026-10-02 03:45:00+00:00,0.197
685505,2026-10-02 03:30:00+00:00,0.196
685505,2026-10-02 03:15:00+00:00,0.197
685505,2026-10-02 03:00:00+00:00,0.197
685505,2026-10-02 02:45:00+00:00,0.197
685505,2026-10-02 02:30:00+00:00,0.197
685505,2026-10-02 02:15:00+00:00,0.197
685505,2026-10-02 02:00:00+00:00,0.196
685505,2026-10-02 01:45:00+00:00,0.197
685505,2026-10-02 01:30:00+00:00,0.196
685505,2026-10-02 01:15:00+00:00,0.196
685505,2026-10-02 01:00:00+00:00,0.196
685505,2026-10-02 00:45:00+00:00,0.197
685505,2026-10-02 00:30:00+00:00,0.196
685505,2026-10-02 00:15:00+00:00,0.196
685505,2026-10-02 00:00:00+00:00,0.196
685505,2026-10-01 23:45:00+00:00,0.196
685505,2026-10-01 23:30:00+00:00,0.196
685505,2026-10-01 23:15:00+00:00,0.196
685505,2026-10-01 23:00:00+00:00,0.196
685505,2026-10-01 22:45:00+00:00,0.196
685505,2026-10-01 22:30:00+00:00,0.196
685505,2026-10-01 22:15:00+00:00,0.196
685505,2026-10-01 22:00:00+00:00,0.197
685505,2026-10-01 21:45:00+00:00,0.196
685505,2026-10-01 21:30:00+00:00,0.196
685505,2026-10-01 21:15:00+00:00,0.197
685505,2026-10-01 21:00:00+00:00,0.196
685505,2026-10-01 20:45:00+00:00,0.196
685505,2026-10-01 20:30:00+00:00,0.197
685505,2026-10-01 20:15:00+00:00,0.197
685505,2026-10-01 20:00:00+00:00,0.196
685505,2026-10-01 19:45:00+00:00,0.197
685505,2026-10-01 19:30:00+00:00,0.196
685505,2026-10-01 19:15:00+00:00,0.197
685505,2026-10-01 19:00:00+00:00,0.196
685505,2026-10-01 18:45:00+00:00,0.196
685505,2026-10-01 18:30:00+00:00,0.197
685505,2026-10-01 18:15:00+00:00,0.197
685505,2026-10-01 18:00:00+00:00,0.196
685505,2026-10-01 17:45:00+00:00,0.197
685505,2026-10-01 17:30:00+00:00,0.197
685505,2026-10-01 17:15:00+00:00,0.197
685505,2026-10-01 17:00:00+00:00,0.197
685505,2026-10-01 16:45:00+00:00,0.197
685505,2026-10-01 16:30:00+00:00,0.197
685505,2026-10-01 16:15:00+00:00,0.197
685505,2026-10-01 16:00:00+00:00,0.197
685505,2026-10-01 15:45:00+00:00,0.198
685505,2026-10-01 15:30:00+00:00,0.197
685505,2026-10-01 15:15:00+00:00,0.197
685505,2026-10-01 15:00:00+00:00,0.198
685505,2026-10-01 14:45:00+00:00,0.198
685505,2026-10-01 14:30:00+00:00,0.198
685505,2026-10-01 14:15:00+00:00,0.198
685505,2026-10-01 14:00:00+00:00,0.198
685505,2026-10-01 13:45:00+00:00,0.198
685505,2026-10-01 13:30:00+00:00,0.198
685505,2026-10-01 13:15:00+00:00,0.198
685505,2026-10-01 13:00:00+00:00,0.199
685505,2026-10-01 12:45:00+00:00,0.199
685505,2026-10-01 12:30:00+00:00,0.199
685505,2026-10-01 12:15:00+00:00,0.2
685505,2026-10-01 12:00:00+00:00,0.199
685505,2026-10-01 11:45:00+00:00,0.2
685505,2026-10-01 11:30:00+00:00,0.199
685505,2026-10-01 11:15:00+00:00,0.2
685505,2026-10-01 11:00:00+00:00,0.199
685505,2026-10-01 10:45:00+00:00,0.199
685505,2026-10-01 10:30:00+00:00,0.2
685505,2026-10-01 10:15:00+00:00,0.2
685505,2026-10-01 10:00:00+00:00,0.2
685505,2026-10-01 09:45:00+00:00,0.2
685505,2026-10-01 09:30:00+00:00,0.201
685505,2026-10-01 09:15:00+00:00,0.201
685505,2026-10-01 09:00:00+00:00,0.201
685505,2026-10-01 08:45:00+00:00,0.201
685505,2026-10-01 08:30:00+00:00,0.201
685505,2026-10-01 08:15:00+00:00,0.201
685505,2026-10-01 08:00:00+00:00,0.201
685505,2026-10-01 07:45:00+00:00,0.201
685505,2026-10-01 07:30:00+00:00,0.2
685505,2026-10-01 07:15:00+00:00,0.201
685505,2026-10-01 07:00:00+00:00,0.202
685505,2026-10-01 06:45:00+00:00,0.201
685505,2026-10-01 06:30:00+00:00,0.202
685505,2026-10-01 06:15:00+00:00,0.201
685505,2026-10-01 06:00:00+00:00,0.202
685505,2026-10-01 05:45:00+00:00,0.202
685505,2026-10-01 05:30:00+00:00,0.201
685505,2026-10-01 05:15:00+00:00,0.202
685505,2026-10-01 05:00:00+00:00,0.202
685505,2026-10-01 04:45:00+00:00,0.203
685505,2026-10-01 04:30:00+00:00,0.203
685505,2026-10-01 04:15:00+00:00,0.203
685505,2026-10-01 04:00:00+00:00,0.203
685505,2026-10-01 03:45:00+00:00,0.203
685505,2026-10-01 03:30:00+00:00,0.203
685505,2026-10-01 03:15:00+00:00,0.203
685505,2026-10-01 03:00:00+00:00,0.204
685505,2026-10-01 02:45:00+00:00,0.204
685505,2026-10-01 02:30:00+00:00,0.204
685505,2026-10-01 02:15:00+00:00,0.205
685505,2026-10-01 02:00:00+00:00,0.205
685505,2026-10-01 01:45:00+00:00,0.205
685505,2026-10-01 01:30:00+00:00,0.205
685505,2026-10-01 01:15:00+00:00,0.205
685505,2026-10-01 01:00:00+00:00,0.205
685505,2026-10-01 00:45:00+00:00,0.206
685505,2026-10-01 00:30:00+00:00,0.206
685505,2026-10-01 00:15:00+00:00,0.206
685505,2026-10-01 00:00:00+00:00,0.207
685505,2026-09-30 23:45:00+00:00,0.206
685505,2026-09-30 23:30:00+00:00,0.207
685505,2026-09-30 23:15:00+00:00,0.206
685505,2026-09-30 23:00:00+00:00,0.207
685505,2026-09-30 22:45:00+00:00,0.207
685505,2026-09-30 22:30:00+00:00,0.207
685505,2026-09-30 22:15:00+00:00,0.208
685505,2026-09-30 22:00:00+00:00,0.208
685505,2026-09-30 21:45:00+00:00,0.209
685505,2026-09-30 21:30:00+00:00,0.209
685505,2026-09-30 21:15:00+00:00,0.209
685505,2026-09-30 21:00:00+00:00,0.209
685505,2026-09-30 20:45:00+00:00,0.21
685505,2026-09-30 20:15:00+00:00,0.211
685505,2026-09-30 20:00:00+00:00,0.211
685505,2026-09-30 19:45:00+00:00,0.211
685505,2026-09-30 19:30:00+00:00,0.212
685505,2026-09-30 19:15:00+00:00,0.212
685505,2026-09-30 19:00:00+00:00,0.213
685505,2026-09-30 18:45:00+00:00,0.213
685505,2026-09-30 18:30:00+00:00,0.214
685505,2026-09-30 18:15:00+00:00,0.214
685505,2026-09-30 18:00:00+00:00,0.215
685505,2026-09-30 17:45:00+00:00,0.215
685505,2026-09-30 17:30:00+00:00,0.216
685505,2026-09-30 17:15:00+00:00,0.216
685505,2026-09-30 17:00:00+00:00,0.217
685505,2026-09-30 16:45:00+00:00,0.217
685505,2026-09-30 16:30:00+00:00,0.216
685505,2026-09-30 16:15:00+00:00,0.214
685505,2026-09-30 16:00:00+00:00,0.214
685505,2026-09-30 15:45:00+00:00,0.215
685505,2026-09-30 15:30:00+00:00,0.216
685505,2026-09-30 15:15:00+00:00,0.217
685505,2026-09-30 15:00:00+00:00,0.217
685505,2026-09-30 14:45:00+00:00,0.219
685505,2026-09-30 14:30:00+00:00,0.22
685505,2026-09-30 14:15:00+00:00,0.221
685505,2026-09-30 14:00:00+00:00,0.222
685505,2026-09-30 13:45:00+00:00,0.222
685505,2026-09-30 13:30:00+00:00,0.224
685505,2026-09-30 13:15:00+00:00,0.224
685505,2026-09-30 13:00:00+00:00,0.224
685505,2026-09-30 12:45:00+00:00,0.223
685505,2026-09-30 12:30:00+00:00,0.214
685505,2026-09-30 12:15:00+00:00,0.209
685505,2026-09-30 12:00:00+00:00,0.21
685505,2026-09-30 11:45:00+00:00,0.211
685505,2026-09-30 11:30:00+00:00,0.213
685505,2026-09-30 11:15:00+00:00,0.214
685505,2026-09-30 11:00:00+00:00,0.216
685505,2026-09-30 10:45:00+00:00,0.218
685505,2026-09-30 10:30:00+00:00,0.219
685505,2026-09-30 10:15:00+00:00,0.222
685505,2026-09-30 10:00:00+00:00,0.225
685505,2026-09-30 09:45:00+00:00,0.229
685505,2026-09-30 09:30:00+00:00,0.234
685505,2026-09-30 09:15:00+00:00,0.241
685505,2026-09-30 09:00:00+00:00,0.244
685505,2026-09-30 08:45:00+00:00,0.245
685505,2026-09-30 08:30:00+00:00,0.251
685505,2026-09-30 08:15:00+00:00,0.258
685505,2026-09-30 08:00:00+00:00,0.264
685505,2026-09-30 07:45:00+00:00,0.264
685505,2026-09-30 07:30:00+00:00,0.262
685505,2026-09-30 07:15:00+00:00,0.256
685505,2026-09-30 07:00:00+00:00,0.256
685505,2026-09-30 06:45:00+00:00,0.252
685505,2026-09-30 06:30:00+00:00,0.255
685505,2026-09-30 06:15:00+00:00,0.261
685505,2026-09-30 06:00:00+00:00,0.277
685505,2026-09-30 05:45:00+00:00,0.298
685505,2026-09-30 05:30:00+00:00,0.266
685505,2026-09-30 05:15:00+00:00,0.276
685505,2026-09-30 05:00:00+00:00,0.232
685505,2026-09-30 04:45:00+00:00,0.229
685505,2026-09-30 04:30:00+00:00,0.204
685505,2026-09-30 04:15:00+00:00,0.204
685505,2026-09-30 04:00:00+00:00,0.203
685505,2026-09-30 03:45:00+00:00,0.203
685505,2026-09-30 03:30:00+00:00,0.203
685505,2026-09-30 03:15:00+00:00,0.204
685505,2026-09-30 03:00:00+00:00,0.203
685505,2026-09-30 02:45:00+00:00,0.202
685505,2026-09-30 02:30:00+00:00,0.203
685505,2026-09-30 02:15:00+00:00,0.203
685505,2026-09-30 02:00:00+00:00,0.203
685505,2026-09-30 01:45:00+00:00,0.203
685505,2026-09-30 01:30:00+00:00,0.203
685505,2026-09-30 01:15:00+00:00,0.203
685505,2026-09-30 01:00:00+00:00,0.204
685505,2026-09-30 00:45:00+00:00,0.203
685505,2026-09-30 00:30:00+00:00,0.203
685505,2026-09-30 00:15:00+00:00,0.204
685505,2026-09-30 00:00:00+00:00,0.203
685505,2026-09-29 23:45:00+00:00,0.204
685505,2026-09-29 23:30:00+00:00,0.204
685505,2026-09-29 23:15:00+00:00,0.203
685505,2026-09-29 23:00:00+00:00,0.204
685505,2026-09-29 22:45:00+00:00,0.204
685505,2026-09-29 22:30:00+00:00,0.204
685505,2026-09-29 22:15:00+00:00,0.204
685505,2026-09-29 22:00:00+00:00,0.204
685505,2026-09-29 21:45:00+00:00,0.204
685505,2026-09-29 21:30:00+00:00,0.204
685505,2026-09-29 21:15:00+00:00,0.205
685505,2026-09-29 21:00:00+00:00,0.204
685505,2026-09-29 20:45:00+00:00,0.205
685505,2026-09-29 20:30:00+00:00,0.205
685505,2026-09-29 20:15:00+00:00,0.205
685505,2026-09-29 20:00:00+00:00,0.205
685505,2026-09-29 19:45:00+00:00,0.206
685505,2026-09-29 19:30:00+00:00,0.206
685505,2026-09-29 19:15:00+00:00,0.206
685505,2026-09-29 19:00:00+00:00,0.206
685505,2026-09-29 18:45:00+00:00,0.207
685505,2026-09-29 18:30:00+00:00,0.207
685505,2026-09-29 18:15:00+00:00,0.207
685505,2026-09-29 18:00:00+00:00,0.207
685505,2026-09-29 17:45:00+00:00,0.208
685505,2026-09-29 17:30:00+00:00,0.208
685505,2026-09-29 17:15:00+00:00,0.208
685505,2026-09-29 17:00:00+00:00,0.209
685505,2026-09-29 16:45:00+00:00,0.21
685505,2026-09-29 16:30:00+00:00,0.21
685505,2026-09-29 16:15:00+00:00,0.211
685505,2026-09-29 16:00:00+00:00,0.21
685505,2026-09-29 15:45:00+00:00,0.211
685505,2026-09-29 15:30:00+00:00,0.211
685505,2026-09-29 15:15:00+00:00,0.208
685505,2026-09-29 15:00:00+00:00,0.206
685505,2026-09-29 14:45:00+00:00,0.204
685505,2026-09-29 14:30:00+00:00,0.204
685505,2026-09-29 14:15:00+00:00,0.204
685505,2026-09-29 14:00:00+00:00,0.204
685505,2026-09-29 13:45:00+00:00,0.204
685505,2026-09-29 13:30:00+00:00,0.204
685505,2026-09-29 13:15:00+00:00,0.204
685505,2026-09-29 13:00:00+00:00,0.204
685505,2026-09-29 12:45:00+00:00,0.205
685505,2026-09-29 12:30:00+00:00,0.205
685505,2026-09-29 12:15:00+00:00,0.205
685505,2026-09-29 12:00:00+00:00,0.206
685505,2026-09-29 11:45:00+00:00,0.206
685505,2026-09-29 11:30:00+00:00,0.207
685505,2026-09-29 11:15:00+00:00,0.206
685505,2026-09-29 11:00:00+00:00,0.205
685505,2026-09-29 10:45:00+00:00,0.206
685505,2026-09-29 10:30:00+00:00,0.206
685505,2026-09-29 10:15:00+00:00,0.205
685505,2026-09-29 10:00:00+00:00,0.206
685505,2026-09-29 09:45:00+00:00,0.205
685505,2026-09-29 09:30:00+00:00,0.205
685505,2026-09-29 09:15:00+00:00,0.204
685505,2026-09-29 09:00:00+00:00,0.204
685505,2026-09-29 08:45:00+00:00,0.204
685505,2026-09-29 08:30:00+00:00,0.204
685505,2026-09-29 08:15:00+00:00,0.204
685505,2026-09-29 08:00:00+00:00,0.204
685505,2026-09-29 07:45:00+00:00,0.204
685505,2026-09-29 07:30:00+00:00,0.203
685505,2026-09-29 07:15:00+00:00,0.204
685505,2026-09-29 07:00:00+00:00,0.203
685505,2026-09-29 06:45:00+00:00,0.203
685505,2026-09-29 06:30:00+00:00,0.203
685505,2026-09-29 06:15:00+00:00,0.203
685505,2026-09-29 06:00:00+00:00,0.203
685505,2026-09-29 05:45:00+00:00,0.203
685505,2026-09-29 05:30:00+00:00,0.203
685505,2026-09-29 05:15:00+00:00,0.203
685505,2026-09-29 05:00:00+00:00,0.203
685505,2026-09-29 04:45:00+00:00,0.203
685505,2026-09-29 04:30:00+00:00,0.203
685505,2026-09-29 04:15:00+00:00,0.204
685505,2026-09-29 04:00:00+00:00,0.203
685505,2026-09-29 03:45:00+00:00,0.203
685505,2026-09-29 03:30:00+00:00,0.203
685505,2026-09-29 03:15:00+00:00,0.203
685505,2026-09-29 03:00:00+00:00,0.202
685505,2026-09-29 02:45:00+00:00,0.203
685505,2026-09-29 02:30:00+00:00,0.203
685505,2026-09-29 02:15:00+00:00,0.202
685505,2026-09-29 02:00:00+00:00,0.203
685505,2026-09-29 01:45:00+00:00,0.203
685505,2026-09-29 01:30:00+00:00,0.203
685505,2026-09-29 01:15:00+00:00,0.202
685505,2026-09-29 01:00:00+00:00,0.203
685505,2026-09-29 00:45:00+00:00,0.203
685505,2026-09-29 00:30:00+00:00,0.203
685505,2026-09-29 00:15:00+00:00,0.203
685505,2026-09-29 00:00:00+00:00,0.203
685505,2026-09-28 23:45:00+00:00,0.203
685505,2026-09-28 23:30:00+00:00,0.202
685505,2026-09-28 23:15:00+00:00,0.202
685505,2026-09-28 23:00:00+00:00,0.202
685505,2026-09-28 22:45:00+00:00,0.202
685505,2026-09-28 22:30:00+00:00,0.202
685505,2026-09-28 22:15:00+00:00,0.202
685505,2026-09-28 22:00:00+00:00,0.202
685505,2026-09-28 21:45:00+00:00,0.202
685505,2026-09-28 21:30:00+00:00,0.202
685505,2026-09-28 21:15:00+00:00,0.202
685505,2026-09-28 21:00:00+00:00,0.202
685505,2026-09-28 20:45:00+00:00,0.202
685505,2026-09-28 20:30:00+00:00,0.201
685505,2026-09-28 20:15:00+00:00,0.201
685505,2026-09-28 20:00:00+00:00,0.202
685505,2026-09-28 19:45:00+00:00,0.201
685505,2026-09-28 19:30:00+00:00,0.202
685505,2026-09-28 19:15:00+00:00,0.202
685505,2026-09-28 19:00:00+00:00,0.201
685505,2026-09-28 18:45:00+00:00,0.202
685505,2026-09-28 18:30:00+00:00,0.202
685505,2026-09-28 18:15:00+00:00,0.201
685505,2026-09-28 18:00:00+00:00,0.202
685505,2026-09-28 17:45:00+00:00,0.203
685505,2026-09-28 17:30:00+00:00,0.202
685505,2026-09-28 17:15:00+00:00,0.202
685505,2026-09-28 17:00:00+00:00,0.203
685505,2026-09-28 16:45:00+00:00,0.202
685505,2026-09-28 16:30:00+00:00,0.203
685505,2026-09-28 16:15:00+00:00,0.203
685505,2026-09-28 16:00:00+00:00,0.203
685505,2026-09-28 15:45:00+00:00,0.203
685505,2026-09-28 15:30:00+00:00,0.204
685505,2026-09-28 15:15:00+00:00,0.204
685505,2026-09-28 15:00:00+00:00,0.204
685505,2026-09-28 14:45:00+00:00,0.203
685505,2026-09-28 14:30:00+00:00,0.203
685505,2026-09-28 14:15:00+00:00,0.203
685505,2026-09-28 14:00:00+00:00,0.203
685505,2026-09-28 13:45:00+00:00,0.203
685505,2026-09-28 13:30:00+00:00,0.203
685505,2026-09-28 13:15:00+00:00,0.204
685505,2026-09-28 13:00:00+00:00,0.203
685505,2026-09-28 12:45:00+00:00,0.203
685505,2026-09-28 12:30:00+00:00,0.204
685505,2026-09-28 12:15:00+00:00,0.204
685505,2026-09-28 12:00:00+00:00,0.204
685505,2026-09-28 11:45:00+00:00,0.204
685505,2026-09-28 11:30:00+00:00,0.203
685505,2026-09-28 11:15:00+00:00,0.204
685505,2026-09-28 11:00:00+00:00,0.204
685505,2026-09-28 10:45:00+00:00,0.205
685505,2026-09-28 10:30:00+00:00,0.205
685505,2026-09-28 10:15:00+00:00,0.205
685505,2026-09-28 10:00:00+00:00,0.204
685505,2026-09-28 09:45:00+00:00,0.205
685505,2026-09-28 09:30:00+00:00,0.204
685505,2026-09-28 09:15:00+00:00,0.205
685505,2026-09-28 09:00:00+00:00,0.205
685505,2026-09-28 08:45:00+00:00,0.205
685505,2026-09-28 08:30:00+00:00,0.205
685505,2026-09-28 08:15:00+00:00,0.204
685505,2026-09-28 08:00:00+00:00,0.204
685505,2026-09-28 07:45:00+00:00,0.204
685505,2026-09-28 07:30:00+00:00,0.204
685505,2026-09-28 07:15:00+00:00,0.204
685505,2026-09-28 07:00:00+00:00,0.204
685505,2026-09-28 06:45:00+00:00,0.204
685505,2026-09-28 06:30:00+00:00,0.204
685505,2026-09-28 06:15:00+00:00,0.203
685505,2026-09-28 06:00:00+00:00,0.204
685505,2026-09-28 05:45:00+00:00,0.203
685505,2026-09-28 05:30:00+00:00,0.204
685505,2026-09-28 05:15:00+00:00,0.204
685505,2026-09-28 05:00:00+00:00,0.204
685505,2026-09-28 04:45:00+00:00,0.203
685505,2026-09-28 04:30:00+00:00,0.204
685505,2026-09-28 04:15:00+00:00,0.204
685505,2026-09-28 04:00:00+00:00,0.204
685505,2026-09-28 03:45:00+00:00,0.204
685505,2026-09-28 03:30:00+00:00,0.204
685505,2026-09-28 03:15:00+00:00,0.204
685505,2026-09-28 03:00:00+00:00,0.204
685505,2026-09-28 02:45:00+00:00,0.204
685505,2026-09-28 02:30:00+00:00,0.204
685505,2026-09-28 02:15:00+00:00,0.205
685505,2026-09-28 02:00:00+00:00,0.204
685505,2026-09-28 01:45:00+00:00,0.204
685505,2026-09-28 01:30:00+00:00,0.205
685505,2026-09-28 01:15:00+00:00,0.204
685505,2026-09-28 01:00:00+00:00,0.205
685505,2026-09-28 00:45:00+00:00,0.205
685505,2026-09-28 00:30:00+00:00,0.205
685505,2026-09-28 00:15:00+00:00,0.205
685505,2026-09-28 00:00:00+00:00,0.206
685505,2026-09-27 23:45:00+00:00,0.206
685505,2026-09-27 23:30:00+00:00,0.206
685505,2026-09-27 23:15:00+00:00,0.207
685505,2026-09-27 23:00:00+00:00,0.206
685505,2026-09-27 22:45:00+00:00,0.207
685505,2026-09-27 22:30:00+00:00,0.206
685505,2026-09-27 22:15:00+00:00,0.207
685505,2026-09-27 22:00:00+00:00,0.208
685505,2026-09-27 21:45:00+00:00,0.208
685505,2026-09-27 21:30:00+00:00,0.209
685505,2026-09-27 21:15:00+00:00,0.208
685505,2026-09-27 21:00:00+00:00,0.208
685505,2026-09-27 20:45:00+00:00,0.208
685505,2026-09-27 20:30:00+00:00,0.207
685505,2026-09-27 20:15:00+00:00,0.207
685505,2026-09-27 20:00:00+00:00,0.207
685505,2026-09-27 19:45:00+00:00,0.207
685505,2026-09-27 19:30:00+00:00,0.206
685505,2026-09-27 19:15:00+00:00,0.206
685505,2026-09-27 19:00:00+00:00,0.207
685505,2026-09-27 18:45:00+00:00,0.208
685505,2026-09-27 18:30:00+00:00,0.208
685505,2026-09-27 18:15:00+00:00,0.208
685505,2026-09-27 18:00:00+00:00,0.209
685505,2026-09-27 17:45:00+00:00,0.21
685505,2026-09-27 17:30:00+00:00,0.211
685505,2026-09-27 17:15:00+00:00,0.213
685505,2026-09-27 17:00:00+00:00,0.213
685505,2026-09-27 16:45:00+00:00,0.214
685505,2026-09-27 16:30:00+00:00,0.216
685505,2026-09-27 16:15:00+00:00,0.216
685505,2026-09-27 16:00:00+00:00,0.213
685505,2026-09-27 15:45:00+00:00,0.208
685505,2026-09-27 15:30:00+00:00,0.204
685505,2026-09-27 15:15:00+00:00,0.204
685505,2026-09-27 15:00:00+00:00,0.205
685505,2026-09-27 14:45:00+00:00,0.203
685505,2026-09-27 14:30:00+00:00,0.202
685505,2026-09-27 14:15:00+00:00,0.203
685505,2026-09-27 14:00:00+00:00,0.202
685505,2026-09-27 13:45:00+00:00,0.202
685505,2026-09-27 13:30:00+00:00,0.203
685505,2026-09-27 13:15:00+00:00,0.203
685505,2026-09-27 13:00:00+00:00,0.202
685505,2026-09-27 12:45:00+00:00,0.202
685505,2026-09-27 12:30:00+00:00,0.204
685505,2026-09-27 12:15:00+00:00,0.203
685505,2026-09-27 12:00:00+00:00,0.203
685505,2026-09-27 11:45:00+00:00,0.204
685505,2026-09-27 11:30:00+00:00,0.202
685505,2026-09-27 11:15:00+00:00,0.203
685505,2026-09-27 11:00:00+00:00,0.202
685505,2026-09-27 10:45:00+00:00,0.203
685505,2026-09-27 10:30:00+00:00,0.202
685505,2026-09-27 10:15:00+00:00,0.202
685505,2026-09-27 10:00:00+00:00,0.202
685505,2026-09-27 09:45:00+00:00,0.203
685505,2026-09-27 09:30:00+00:00,0.203
685505,2026-09-27 09:15:00+00:00,0.202
685505,2026-09-27 09:00:00+00:00,0.202
685505,2026-09-27 08:45:00+00:00,0.202
685505,2026-09-27 08:30:00+00:00,0.202
685505,2026-09-27 08:15:00+00:00,0.202
685505,2026-09-27 08:00:00+00:00,0.202
685505,2026-09-27 07:45:00+00:00,0.201
685505,2026-09-27 07:30:00+00:00,0.201
685505,2026-09-27 07:15:00+00:00,0.202
685505,2026-09-27 07:00:00+00:00,0.202
685505,2026-09-27 06:45:00+00:00,0.202
685505,2026-09-27 06:30:00+00:00,0.202
685505,2026-09-27 06:15:00+00:00,0.201
685505,2026-09-27 06:00:00+00:00,0.201
685505,2026-09-27 05:45:00+00:00,0.201
685505,2026-09-27 05:30:00+00:00,0.201
685505,2026-09-27 05:15:00+00:00,0.201
685505,2026-09-27 05:00:00+00:00,0.201
685505,2026-09-27 04:45:00+00:00,0.201
685505,2026-09-27 04:30:00+00:00,0.2
685505,2026-09-27 04:15:00+00:00,0.201
685505,2026-09-27 04:00:00+00:00,0.201
685505,2026-09-27 03:45:00+00:00,0.201
685505,2026-09-27 03:30:00+00:00,0.201
685505,2026-09-27 03:15:00+00:00,0.201
685505,2026-09-27 03:00:00+00:00,0.201
685505,2026-09-27 02:45:00+00:00,0.2
685505,2026-09-27 02:30:00+00:00,0.201
685505,2026-09-27 02:15:00+00:00,0.201
685505,2026-09-27 02:00:00+00:00,0.201
685505,2026-09-27 01:45:00+00:00,0.201
685505,2026-09-27 01:30:00+00:00,0.201
685505,2026-09-27 01:15:00+00:00,0.202
685505,2026-09-27 01:00:00+00:00,0.201
685505,2026-09-27 00:45:00+00:00,0.202
685505,2026-09-27 00:30:00+00:00,0.201
685505,2026-09-27 00:15:00+00:00,0.201
685505,2026-09-27 00:00:00+00:00,0.2
685505,2026-09-26 23:45:00+00:00,0.201
685505,2026-09-26 23:30:00+00:00,0.201
685505,2026-09-26 23:15:00+00:00,0.201
685505,2026-09-26 23:00:00+00:00,0.201
685505,2026-09-26 22:45:00+00:00,0.201
685505,2026-09-26 22:30:00+00:00,0.201
685505,2026-09-26 22:15:00+00:00,0.201
685505,2026-09-26 22:00:00+00:00,0.201
685505,2026-09-26 21:45:00+00:00,0.201
685505,2026-09-26 21:30:00+00:00,0.2
685505,2026-09-26 21:15:00+00:00,0.2
685505,2026-09-26 21:00:00+00:00,0.2
685505,2026-09-26 20:45:00+00:00,0.201
685505,2026-09-26 20:30:00+00:00,0.2
685505,2026-09-26 20:15:00+00:00,0.201
685505,2026-09-26 20:00:00+00:00,0.2
685505,2026-09-26 19:45:00+00:00,0.2
685505,2026-09-26 19:30:00+00:00,0.201
685505,2026-09-26 19:15:00+00:00,0.2
685505,2026-09-26 19:00:00+00:00,0.201
685505,2026-09-26 18:45:00+00:00,0.2
685505,2026-09-26 18:30:00+00:00,0.201
685505,2026-09-26 18:15:00+00:00,0.2
685505,2026-09-26 18:00:00+00:00,0.2
685505,2026-09-26 17:45:00+00:00,0.201
685505,2026-09-26 17:30:00+00:00,0.201
685505,2026-09-26 17:15:00+00:00,0.2
685505,2026-09-26 17:00:00+00:00,0.2
685505,2026-09-26 16:45:00+00:00,0.201
685505,2026-09-26 16:30:00+00:00,0.201
685505,2026-09-26 16:15:00+00:00,0.201
685505,2026-09-26 16:00:00+00:00,0.201
685505,2026-09-26 15:45:00+00:00,0.202
685505,2026-09-26 15:30:00+00:00,0.201
685505,2026-09-26 15:15:00+00:00,0.202
685505,2026-09-26 15:00:00+00:00,0.202
685505,2026-09-26 14:45:00+00:00,0.201
685505,2026-09-26 14:30:00+00:00,0.202
685505,2026-09-26 14:15:00+00:00,0.202
685505,2026-09-26 14:00:00+00:00,0.202
685505,2026-09-26 13:45:00+00:00,0.202
685505,2026-09-26 13:30:00+00:00,0.202
685505,2026-09-26 13:15:00+00:00,0.203
685505,2026-09-26 13:00:00+00:00,0.203
685505,2026-09-26 12:45:00+00:00,0.203
685505,2026-09-26 12:30:00+00:00,0.204
685505,2026-09-26 12:15:00+00:00,0.203
685505,2026-09-26 12:00:00+00:00,0.203
685505,2026-09-26 11:45:00+00:00,0.203
685505,2026-09-26 11:30:00+00:00,0.202
685505,2026-09-26 11:15:00+00:00,0.203
685505,2026-09-26 11:00:00+00:00,0.203
685505,2026-09-26 10:45:00+00:00,0.203
685505,2026-09-26 10:30:00+00:00,0.203
685505,2026-09-26 10:15:00+00:00,0.203
685505,2026-09-26 10:00:00+00:00,0.204
685505,2026-09-26 09:45:00+00:00,0.203
685505,2026-09-26 09:30:00+00:00,0.204
685505,2026-09-26 09:15:00+00:00,0.203
685505,2026-09-26 09:00:00+00:00,0.204
685505,2026-09-26 08:45:00+00:00,0.203
685505,2026-09-26 08:30:00+00:00,0.204
694744,2026-10-03 16:00:00+00:00,0.252
694744,2026-10-03 15:30:00+00:00,0.251
694744,2026-10-03 15:15:00+00:00,0.248
694744,2026-10-03 15:00:00+00:00,0.243
694744,2026-10-03 14:45:00+00:00,0.24
694744,2026-10-03 14:30:00+00:00,0.24
694744,2026-10-03 14:15:00+00:00,0.242
694744,2026-10-03 14:00:00+00:00,0.246
694744,2026-10-03 13:45:00+00:00,0.251
694744,2026-10-03 13:30:00+00:00,0.256
694744,2026-10-03 13:15:00+00:00,0.261
694744,2026-10-03 13:00:00+00:00,0.265
694744,2026-10-03 12:45:00+00:00,0.267
694744,2026-10-03 12:30:00+00:00,0.268
694744,2026-10-03 12:15:00+00:00,0.268
694744,2026-10-03 12:00:00+00:00,0.267
694744,2026-10-03 11:45:00+00:00,0.266
694744,2026-10-03 11:30:00+00:00,0.263
694744,2026-10-03 11:15:00+00:00,0.262
694744,2026-10-03 11:00:00+00:00,0.259
694744,2026-10-03 10:45:00+00:00,0.256
694744,2026-10-03 10:30:00+00:00,0.254
694744,2026-10-03 10:15:00+00:00,0.251
694744,2026-10-03 10:00:00+00:00,0.249
694744,2026-10-03 09:45:00+00:00,0.246
694744,2026-10-03 09:30:00+00:00,0.243
694744,2026-10-03 09:15:00+00:00,0.24
694744,2026-10-03 09:00:00+00:00,0.238
694744,2026-10-03 08:45:00+00:00,0.237
694744,2026-10-03 08:30:00+00:00,0.237
694744,2026-10-03 08:15:00+00:00,0.239
694744,2026-10-03 08:00:00+00:00,0.242
694744,2026-10-03 07:45:00+00:00,0.247
694744,2026-10-03 07:30:00+00:00,0.251
694744,2026-10-03 07:15:00+00:00,0.254
694744,2026-10-03 07:00:00+00:00,0.257
694744,2026-10-03 06:45:00+00:00,0.259
694744,2026-10-03 06:30:00+00:00,0.263
694744,2026-10-03 06:15:00+00:00,0.267
694744,2026-10-03 06:00:00+00:00,0.271
694744,2026-10-03 05:45:00+00:00,0.277
694744,2026-10-03 05:30:00+00:00,0.283
694744,2026-10-03 05:15:00+00:00,0.289
694744,2026-10-03 05:00:00+00:00,0.296
694744,2026-10-03 04:45:00+00:00,0.302
694744,2026-10-03 04:30:00+00:00,0.308
694744,2026-10-03 04:15:00+00:00,0.317
694744,2026-10-03 04:00:00+00:00,0.325
694744,2026-10-03 03:45:00+00:00,0.334
694744,2026-10-03 03:30:00+00:00,0.341
694744,2026-10-03 03:15:00+00:00,0.347
694744,2026-10-03 03:00:00+00:00,0.348
694744,2026-10-03 02:45:00+00:00,0.348
694744,2026-10-03 02:30:00+00:00,0.346
694744,2026-10-03 02:15:00+00:00,0.342
694744,2026-10-03 02:00:00+00:00,0.329
694744,2026-10-03 01:45:00+00:00,0.312
694744,2026-10-03 01:30:00+00:00,0.298
694744,2026-10-03 01:15:00+00:00,0.286
694744,2026-10-03 01:00:00+00:00,0.277
694744,2026-10-03 00:45:00+00:00,0.276
694744,2026-10-03 00:30:00+00:00,0.277
694744,2026-10-03 00:00:00+00:00,0.263
694744,2026-10-02 23:45:00+00:00,0.262
694744,2026-10-02 23:30:00+00:00,0.268
694744,2026-10-02 23:15:00+00:00,0.248
694744,2026-10-02 23:00:00+00:00,0.236
694744,2026-10-02 22:45:00+00:00,0.228
694744,2026-10-02 22:30:00+00:00,0.22
694744,2026-10-02 22:15:00+00:00,0.214
694744,2026-10-02 22:00:00+00:00,0.211
694744,2026-10-02 21:45:00+00:00,0.21
694744,2026-10-02 21:30:00+00:00,0.211
694744,2026-10-02 21:15:00+00:00,0.214
694744,2026-10-02 21:00:00+00:00,0.216
694744,2026-10-02 20:45:00+00:00,0.22
694744,2026-10-02 20:30:00+00:00,0.221
694744,2026-10-02 20:15:00+00:00,0.222
694744,2026-10-02 20:00:00+00:00,0.219
694744,2026-10-02 19:45:00+00:00,0.216
694744,2026-10-02 19:30:00+00:00,0.215
694744,2026-10-02 19:15:00+00:00,0.21
694744,2026-10-02 19:00:00+00:00,0.21
694744,2026-10-02 18:45:00+00:00,0.209
694744,2026-10-02 18:30:00+00:00,0.214
694744,2026-10-02 18:15:00+00:00,0.214
694744,2026-10-02 18:00:00+00:00,0.217
694744,2026-10-02 17:45:00+00:00,0.221
694744,2026-10-02 17:30:00+00:00,0.224
694744,2026-10-02 17:15:00+00:00,0.224
694744,2026-10-02 17:00:00+00:00,0.223
694744,2026-10-02 16:45:00+00:00,0.223
694744,2026-10-02 16:30:00+00:00,0.223
694744,2026-10-02 16:15:00+00:00,0.223
694744,2026-10-02 16:00:00+00:00,0.222
694744,2026-10-02 15:45:00+00:00,0.22
694744,2026-10-02 15:30:00+00:00,0.217
694744,2026-10-02 15:15:00+00:00,0.214
694744,2026-10-02 15:00:00+00:00,0.212
694744,2026-10-02 14:45:00+00:00,0.211
694744,2026-10-02 14:30:00+00:00,0.211
694744,2026-10-02 14:15:00+00:00,0.213
694744,2026-10-02 14:00:00+00:00,0.215
694744,2026-10-02 13:45:00+00:00,0.218
694744,2026-10-02 13:30:00+00:00,0.221
694744,2026-10-02 13:15:00+00:00,0.225
694744,2026-10-02 13:00:00+00:00,0.228
694744,2026-10-02 12:45:00+00:00,0.23
694744,2026-10-02 12:30:00+00:00,0.231
694744,2026-10-02 12:15:00+00:00,0.231
694744,2026-10-02 12:00:00+00:00,0.229
694744,2026-10-02 11:45:00+00:00,0.226
694744,2026-10-02 11:30:00+00:00,0.221
694744,2026-10-02 11:15:00+00:00,0.215
694744,2026-10-02 11:00:00+00:00,0.21
694744,2026-10-02 10:45:00+00:00,0.203
694744,2026-10-02 10:30:00+00:00,0.198
694744,2026-10-02 10:15:00+00:00,0.192
694744,2026-10-02 10:00:00+00:00,0.189
694744,2026-10-02 09:45:00+00:00,0.186
694744,2026-10-02 09:30:00+00:00,0.184
694744,2026-10-02 09:15:00+00:00,0.181
694744,2026-10-02 09:00:00+00:00,0.181
694744,2026-10-02 08:45:00+00:00,0.183
694744,2026-10-02 08:30:00+00:00,0.185
694744,2026-10-02 08:15:00+00:00,0.186
694744,2026-10-02 08:00:00+00:00,0.188
694744,2026-10-02 07:45:00+00:00,0.19
694744,2026-10-02 07:30:00+00:00,0.191
694744,2026-10-02 07:15:00+00:00,0.192
694744,2026-10-02 07:00:00+00:00,0.193
694744,2026-10-02 06:45:00+00:00,0.194
694744,2026-10-02 06:30:00+00:00,0.196
694744,2026-10-02 06:15:00+00:00,0.198
694744,2026-10-02 06:00:00+00:00,0.2
694744,2026-10-02 05:45:00+00:00,0.202
694744,2026-10-02 05:30:00+00:00,0.202
694744,2026-10-02 05:15:00+00:00,0.203
694744,2026-10-02 05:00:00+00:00,0.203
694744,2026-10-02 04:45:00+00:00,0.202
694744,2026-10-02 04:30:00+00:00,0.202
694744,2026-10-02 04:15:00+00:00,0.201
694744,2026-10-02 04:00:00+00:00,0.201
694744,2026-10-02 03:45:00+00:00,0.202
694744,2026-10-02 03:30:00+00:00,0.203
694744,2026-10-02 03:15:00+00:00,0.205
694744,2026-10-02 03:00:00+00:00,0.209
694744,2026-10-02 02:45:00+00:00,0.212
694744,2026-10-02 02:30:00+00:00,0.216
694744,2026-10-02 02:15:00+00:00,0.218
694744,2026-10-02 02:00:00+00:00,0.219
694744,2026-10-02 01:45:00+00:00,0.22
694744,2026-10-02 01:30:00+00:00,0.22
694744,2026-10-02 01:15:00+00:00,0.22
694744,2026-10-02 01:00:00+00:00,0.221
694744,2026-10-02 00:45:00+00:00,0.222
694744,2026-10-02 00:30:00+00:00,0.225
694744,2026-10-02 00:15:00+00:00,0.229
694744,2026-10-02 00:00:00+00:00,0.234
694744,2026-10-01 23:45:00+00:00,0.238
694744,2026-10-01 23:30:00+00:00,0.242
694744,2026-10-01 23:15:00+00:00,0.244
694744,2026-10-01 23:00:00+00:00,0.245
694744,2026-10-01 22:45:00+00:00,0.244
694744,2026-10-01 22:30:00+00:00,0.243
694744,2026-10-01 22:15:00+00:00,0.241
694744,2026-10-01 22:00:00+00:00,0.239
694744,2026-10-01 21:45:00+00:00,0.236
694744,2026-10-01 21:30:00+00:00,0.233
694744,2026-10-01 21:15:00+00:00,0.23
694744,2026-10-01 21:00:00+00:00,0.228
694744,2026-10-01 20:45:00+00:00,0.227
694744,2026-10-01 20:30:00+00:00,0.228
694744,2026-10-01 20:15:00+00:00,0.231
694744,2026-10-01 20:00:00+00:00,0.233
694744,2026-10-01 19:45:00+00:00,0.234
694744,2026-10-01 19:30:00+00:00,0.233
694744,2026-10-01 19:15:00+00:00,0.23
694744,2026-10-01 19:00:00+00:00,0.225
694744,2026-10-01 18:45:00+00:00,0.221
694744,2026-10-01 18:30:00+00:00,0.219
694744,2026-10-01 18:15:00+00:00,0.218
694744,2026-10-01 18:00:00+00:00,0.221
694744,2026-10-01 17:45:00+00:00,0.225
694744,2026-10-01 17:30:00+00:00,0.23
694744,2026-10-01 17:15:00+00:00,0.234
694744,2026-10-01 17:00:00+00:00,0.237
694744,2026-10-01 16:45:00+00:00,0.238
694744,2026-10-01 16:30:00+00:00,0.239
694744,2026-10-01 16:15:00+00:00,0.24
694744,2026-10-01 16:00:00+00:00,0.241
694744,2026-10-01 15:45:00+00:00,0.242
694744,2026-10-01 15:30:00+00:00,0.242
694744,2026-10-01 15:15:00+00:00,0.24
694744,2026-10-01 15:00:00+00:00,0.236
694744,2026-10-01 14:45:00+00:00,0.231
694744,2026-10-01 14:30:00+00:00,0.225
694744,2026-10-01 14:15:00+00:00,0.219
694744,2026-10-01 14:00:00+00:00,0.213
694744,2026-10-01 13:45:00+00:00,0.21
694744,2026-10-01 13:30:00+00:00,0.21
694744,2026-10-01 13:15:00+00:00,0.212
694744,2026-10-01 13:00:00+00:00,0.217
694744,2026-10-01 12:45:00+00:00,0.224
694744,2026-10-01 12:30:00+00:00,0.226
694744,2026-10-01 12:15:00+00:00,0.225
694744,2026-10-01 12:00:00+00:00,0.226
694744,2026-10-01 11:45:00+00:00,0.227
694744,2026-10-01 11:30:00+00:00,0.226
694744,2026-10-01 11:15:00+00:00,0.223
694744,2026-10-01 11:00:00+00:00,0.218
694744,2026-10-01 10:45:00+00:00,0.211
694744,2026-10-01 10:30:00+00:00,0.205
694744,2026-10-01 10:15:00+00:00,0.2
694744,2026-10-01 10:00:00+00:00,0.197
694744,2026-10-01 09:45:00+00:00,0.195
694744,2026-10-01 09:30:00+00:00,0.192
694744,2026-10-01 09:15:00+00:00,0.191
694744,2026-10-01 09:00:00+00:00,0.191
694744,2026-10-01 08:45:00+00:00,0.192
694744,2026-10-01 08:30:00+00:00,0.195
694744,2026-10-01 08:15:00+00:00,0.198
694744,2026-10-01 08:00:00+00:00,0.2
694744,2026-10-01 07:45:00+00:00,0.202
694744,2026-10-01 07:30:00+00:00,0.204
694744,2026-10-01 07:15:00+00:00,0.205
694744,2026-10-01 07:00:00+00:00,0.206
694744,2026-10-01 06:45:00+00:00,0.207
694744,2026-10-01 06:30:00+00:00,0.208
694744,2026-10-01 06:15:00+00:00,0.209
694744,2026-10-01 06:00:00+00:00,0.211
694744,2026-10-01 05:45:00+00:00,0.212
694744,2026-10-01 05:30:00+00:00,0.214
694744,2026-10-01 05:15:00+00:00,0.216
694744,2026-10-01 05:00:00+00:00,0.218
694744,2026-10-01 04:45:00+00:00,0.219
694744,2026-10-01 04:30:00+00:00,0.221
694744,2026-10-01 04:15:00+00:00,0.222
694744,2026-10-01 04:00:00+00:00,0.223
694744,2026-10-01 03:45:00+00:00,0.223
694744,2026-10-01 03:30:00+00:00,0.223
694744,2026-10-01 03:15:00+00:00,0.224
694744,2026-10-01 03:00:00+00:00,0.224
694744,2026-10-01 02:45:00+00:00,0.225
694744,2026-10-01 02:30:00+00:00,0.227
694744,2026-10-01 02:15:00+00:00,0.23
694744,2026-10-01 02:00:00+00:00,0.234
694744,2026-10-01 01:45:00+00:00,0.238
694744,2026-10-01 01:30:00+00:00,0.242
694744,2026-10-01 01:15:00+00:00,0.246
694744,2026-10-01 01:00:00+00:00,0.247
694744,2026-10-01 00:45:00+00:00,0.248
694744,2026-10-01 00:30:00+00:00,0.247
694744,2026-10-01 00:15:00+00:00,0.247
694744,2026-10-01 00:00:00+00:00,0.247
694744,2026-09-30 23:45:00+00:00,0.248
694744,2026-09-30 23:30:00+00:00,0.25
694744,2026-09-30 23:15:00+00:00,0.255
694744,2026-09-30 23:00:00+00:00,0.261
694744,2026-09-30 22:45:00+00:00,0.266
694744,2026-09-30 22:30:00+00:00,0.271
694744,2026-09-30 22:15:00+00:00,0.273
694744,2026-09-30 22:00:00+00:00,0.276
694744,2026-09-30 21:45:00+00:00,0.277
694744,2026-09-30 21:30:00+00:00,0.278
694744,2026-09-30 21:15:00+00:00,0.278
694744,2026-09-30 21:00:00+00:00,0.279
694744,2026-09-30 20:45:00+00:00,0.278
694744,2026-09-30 20:15:00+00:00,0.276
694744,2026-09-30 20:00:00+00:00,0.274
694744,2026-09-30 19:45:00+00:00,0.272
694744,2026-09-30 19:30:00+00:00,0.271
694744,2026-09-30 19:15:00+00:00,0.272
694744,2026-09-30 19:00:00+00:00,0.277
694744,2026-09-30 18:45:00+00:00,0.282
694744,2026-09-30 18:30:00+00:00,0.286
694744,2026-09-30 18:15:00+00:00,0.286
694744,2026-09-30 18:00:00+00:00,0.285
694744,2026-09-30 17:45:00+00:00,0.283
694744,2026-09-30 17:30:00+00:00,0.282
694744,2026-09-30 17:15:00+00:00,0.284
694744,2026-09-30 17:00:00+00:00,0.286
694744,2026-09-30 16:45:00+00:00,0.289
694744,2026-09-30 16:30:00+00:00,0.292
694744,2026-09-30 16:15:00+00:00,0.295
694744,2026-09-30 16:00:00+00:00,0.302
694744,2026-09-30 15:45:00+00:00,0.31
694744,2026-09-30 15:30:00+00:00,0.316
694744,2026-09-30 15:15:00+00:00,0.324
694744,2026-09-30 15:00:00+00:00,0.327
694744,2026-09-30 14:45:00+00:00,0.328
694744,2026-09-30 14:30:00+00:00,0.326
694744,2026-09-30 14:15:00+00:00,0.325
694744,2026-09-30 14:00:00+00:00,0.324
694744,2026-09-30 13:45:00+00:00,0.332
694744,2026-09-30 13:30:00+00:00,0.339
694744,2026-09-30 13:15:00+00:00,0.346
694744,2026-09-30 13:00:00+00:00,0.348
694744,2026-09-30 12:45:00+00:00,0.352
694744,2026-09-30 12:30:00+00:00,0.354
694744,2026-09-30 12:15:00+00:00,0.353
694744,2026-09-30 12:00:00+00:00,0.352
694744,2026-09-30 11:45:00+00:00,0.351
694744,2026-09-30 11:30:00+00:00,0.352
694744,2026-09-30 11:15:00+00:00,0.359
694744,2026-09-30 11:00:00+00:00,0.369
694744,2026-09-30 10:45:00+00:00,0.377
694744,2026-09-30 10:30:00+00:00,0.381
694744,2026-09-30 10:15:00+00:00,0.384
694744,2026-09-30 10:00:00+00:00,0.381
694744,2026-09-30 09:45:00+00:00,0.38
694744,2026-09-30 09:30:00+00:00,0.376
694744,2026-09-30 09:15:00+00:00,0.374
694744,2026-09-30 09:00:00+00:00,0.371
694744,2026-09-30 08:45:00+00:00,0.366
694744,2026-09-30 08:30:00+00:00,0.354
694744,2026-09-30 08:15:00+00:00,0.335
694744,2026-09-30 08:00:00+00:00,0.317
694744,2026-09-30 07:45:00+00:00,0.308
694744,2026-09-30 07:30:00+00:00,0.296
694744,2026-09-30 07:15:00+00:00,0.278
694744,2026-09-30 07:00:00+00:00,0.258
694744,2026-09-30 06:45:00+00:00,0.25
694744,2026-09-30 06:30:00+00:00,0.231
694744,2026-09-30 06:15:00+00:00,0.214
694744,2026-09-30 06:00:00+00:00,0.212
694744,2026-09-30 05:45:00+00:00,0.212
694744,2026-09-30 05:30:00+00:00,0.22
694744,2026-09-30 05:15:00+00:00,0.202
694744,2026-09-30 05:00:00+00:00,0.204
694744,2026-09-30 04:45:00+00:00,0.205
694744,2026-09-30 04:30:00+00:00,0.206
694744,2026-09-30 04:15:00+00:00,0.208
694744,2026-09-30 04:00:00+00:00,0.209
694744,2026-09-30 03:45:00+00:00,0.209
694744,2026-09-30 03:30:00+00:00,0.21
694744,2026-09-30 03:15:00+00:00,0.21
694744,2026-09-30 03:00:00+00:00,0.211
694744,2026-09-30 02:45:00+00:00,0.212
694744,2026-09-30 02:30:00+00:00,0.212
694744,2026-09-30 02:15:00+00:00,0.213
694744,2026-09-30 02:00:00+00:00,0.214
694744,2026-09-30 01:45:00+00:00,0.217
694744,2026-09-30 01:30:00+00:00,0.221
694744,2026-09-30 01:15:00+00:00,0.223
694744,2026-09-30 01:00:00+00:00,0.227
694744,2026-09-30 00:45:00+00:00,0.229
694744,2026-09-30 00:30:00+00:00,0.231
694744,2026-09-30 00:15:00+00:00,0.229
694744,2026-09-30 00:00:00+00:00,0.228
694744,2026-09-29 23:45:00+00:00,0.227
694744,2026-09-29 23:30:00+00:00,0.226
694744,2026-09-29 23:15:00+00:00,0.226
694744,2026-09-29 23:00:00+00:00,0.23
694744,2026-09-29 22:45:00+00:00,0.233
694744,2026-09-29 22:30:00+00:00,0.236
694744,2026-09-29 22:15:00+00:00,0.239
694744,2026-09-29 22:00:00+00:00,0.242
694744,2026-09-29 21:45:00+00:00,0.241
694744,2026-09-29 21:30:00+00:00,0.241
694744,2026-09-29 21:15:00+00:00,0.239
694744,2026-09-29 21:00:00+00:00,0.238
694744,2026-09-29 20:45:00+00:00,0.237
694744,2026-09-29 20:30:00+00:00,0.232
694744,2026-09-29 20:15:00+00:00,0.227
694744,2026-09-29 20:00:00+00:00,0.222
694744,2026-09-29 19:45:00+00:00,0.218
694744,2026-09-29 19:30:00+00:00,0.215
694744,2026-09-29 19:15:00+00:00,0.213
694744,2026-09-29 19:00:00+00:00,0.214
694744,2026-09-29 18:45:00+00:00,0.214
694744,2026-09-29 18:30:00+00:00,0.214
694744,2026-09-29 18:15:00+00:00,0.213
694744,2026-09-29 18:00:00+00:00,0.213
694744,2026-09-29 17:45:00+00:00,0.209
694744,2026-09-29 17:30:00+00:00,0.206
694744,2026-09-29 17:15:00+00:00,0.204
694744,2026-09-29 17:00:00+00:00,0.204
694744,2026-09-29 16:45:00+00:00,0.205
694744,2026-09-29 16:30:00+00:00,0.208
694744,2026-09-29 16:15:00+00:00,0.211
694744,2026-09-29 16:00:00+00:00,0.214
694744,2026-09-29 15:45:00+00:00,0.216
694744,2026-09-29 15:30:00+00:00,0.218
694744,2026-09-29 15:15:00+00:00,0.218
694744,2026-09-29 15:00:00+00:00,0.22
694744,2026-09-29 14:45:00+00:00,0.223
694744,2026-09-29 14:30:00+00:00,0.225
694744,2026-09-29 14:15:00+00:00,0.227
694744,2026-09-29 14:00:00+00:00,0.227
694744,2026-09-29 13:45:00+00:00,0.228
694744,2026-09-29 13:30:00+00:00,0.227
694744,2026-09-29 13:15:00+00:00,0.224
694744,2026-09-29 13:00:00+00:00,0.222
694744,2026-09-29 12:45:00+00:00,0.219
694744,2026-09-29 12:30:00+00:00,0.217
694744,2026-09-29 12:15:00+00:00,0.214
694744,2026-09-29 12:00:00+00:00,0.212
694744,2026-09-29 11:45:00+00:00,0.21
694744,2026-09-29 11:30:00+00:00,0.208
694744,2026-09-29 11:15:00+00:00,0.205
694744,2026-09-29 11:00:00+00:00,0.2
694744,2026-09-29 10:45:00+00:00,0.193
694744,2026-09-29 10:30:00+00:00,0.188
694744,2026-09-29 10:15:00+00:00,0.185
694744,2026-09-29 10:00:00+00:00,0.18
694744,2026-09-29 09:45:00+00:00,0.178
694744,2026-09-29 09:30:00+00:00,0.177
694744,2026-09-29 09:15:00+00:00,0.176
694744,2026-09-29 09:00:00+00:00,0.177
694744,2026-09-29 08:45:00+00:00,0.18
694744,2026-09-29 08:30:00+00:00,0.181
694744,2026-09-29 08:15:00+00:00,0.183
694744,2026-09-29 08:00:00+00:00,0.185
694744,2026-09-29 07:45:00+00:00,0.187
694744,2026-09-29 07:30:00+00:00,0.187
694744,2026-09-29 07:15:00+00:00,0.188
694744,2026-09-29 07:00:00+00:00,0.188
694744,2026-09-29 06:45:00+00:00,0.19
694744,2026-09-29 06:30:00+00:00,0.192
694744,2026-09-29 06:15:00+00:00,0.193
694744,2026-09-29 06:00:00+00:00,0.194
694744,2026-09-29 05:45:00+00:00,0.196
694744,2026-09-29 05:30:00+00:00,0.198
694744,2026-09-29 05:15:00+00:00,0.201
694744,2026-09-29 05:00:00+00:00,0.203
694744,2026-09-29 04:45:00+00:00,0.205
694744,2026-09-29 04:30:00+00:00,0.207
694744,2026-09-29 04:15:00+00:00,0.21
694744,2026-09-29 04:00:00+00:00,0.212
694744,2026-09-29 03:45:00+00:00,0.214
694744,2026-09-29 03:30:00+00:00,0.216
694744,2026-09-29 03:15:00+00:00,0.217
694744,2026-09-29 03:00:00+00:00,0.218
694744,2026-09-29 02:45:00+00:00,0.219
694744,2026-09-29 02:30:00+00:00,0.22
694744,2026-09-29 02:15:00+00:00,0.22
694744,2026-09-29 02:00:00+00:00,0.22
694744,2026-09-29 01:45:00+00:00,0.221
694744,2026-09-29 01:30:00+00:00,0.221
694744,2026-09-29 01:15:00+00:00,0.222
694744,2026-09-29 01:00:00+00:00,0.224
694744,2026-09-29 00:45:00+00:00,0.226
694744,2026-09-29 00:30:00+00:00,0.23
694744,2026-09-29 00:15:00+00:00,0.233
694744,2026-09-29 00:00:00+00:00,0.235
694744,2026-09-28 23:45:00+00:00,0.236
694744,2026-09-28 23:30:00+00:00,0.235
694744,2026-09-28 23:15:00+00:00,0.234
694744,2026-09-28 23:00:00+00:00,0.232
694744,2026-09-28 22:45:00+00:00,0.231
694744,2026-09-28 22:30:00+00:00,0.232
694744,2026-09-28 22:15:00+00:00,0.233
694744,2026-09-28 22:00:00+00:00,0.237
694744,2026-09-28 21:45:00+00:00,0.24
694744,2026-09-28 21:30:00+00:00,0.243
694744,2026-09-28 21:15:00+00:00,0.245
694744,2026-09-28 21:00:00+00:00,0.246
694744,2026-09-28 20:45:00+00:00,0.245
694744,2026-09-28 20:30:00+00:00,0.243
694744,2026-09-28 20:15:00+00:00,0.241
694744,2026-09-28 20:00:00+00:00,0.238
694744,2026-09-28 19:45:00+00:00,0.234
694744,2026-09-28 19:30:00+00:00,0.229
694744,2026-09-28 19:15:00+00:00,0.224
694744,2026-09-28 19:00:00+00:00,0.221
694744,2026-09-28 18:45:00+00:00,0.219
694744,2026-09-28 18:30:00+00:00,0.219
694744,2026-09-28 18:15:00+00:00,0.221
694744,2026-09-28 18:00:00+00:00,0.224
694744,2026-09-28 17:45:00+00:00,0.227
694744,2026-09-28 17:30:00+00:00,0.227
694744,2026-09-28 17:15:00+00:00,0.225
694744,2026-09-28 17:00:00+00:00,0.221
694744,2026-09-28 16:45:00+00:00,0.216
694744,2026-09-28 16:30:00+00:00,0.213
694744,2026-09-28 16:15:00+00:00,0.211
694744,2026-09-28 16:00:00+00:00,0.211
694744,2026-09-28 15:45:00+00:00,0.212
694744,2026-09-28 15:30:00+00:00,0.214
694744,2026-09-28 15:15:00+00:00,0.216
694744,2026-09-28 15:00:00+00:00,0.219
694744,2026-09-28 14:45:00+00:00,0.222
694744,2026-09-28 14:30:00+00:00,0.225
694744,2026-09-28 14:15:00+00:00,0.229
694744,2026-09-28 14:00:00+00:00,0.231
694744,2026-09-28 13:45:00+00:00,0.233
694744,2026-09-28 13:30:00+00:00,0.233
694744,2026-09-28 13:15:00+00:00,0.232
694744,2026-09-28 13:00:00+00:00,0.23
694744,2026-09-28 12:45:00+00:00,0.227
694744,2026-09-28 12:30:00+00:00,0.223
694744,2026-09-28 12:15:00+00:00,0.218
694744,2026-09-28 12:00:00+00:00,0.211
694744,2026-09-28 11:45:00+00:00,0.206
694744,2026-09-28 11:30:00+00:00,0.201
694744,2026-09-28 11:15:00+00:00,0.197
694744,2026-09-28 11:00:00+00:00,0.194
694744,2026-09-28 10:45:00+00:00,0.189
694744,2026-09-28 10:30:00+00:00,0.185
694744,2026-09-28 10:15:00+00:00,0.181
694744,2026-09-28 10:00:00+00:00,0.178
694744,2026-09-28 09:45:00+00:00,0.177
694744,2026-09-28 09:30:00+00:00,0.176
694744,2026-09-28 09:15:00+00:00,0.177
694744,2026-09-28 09:00:00+00:00,0.179
694744,2026-09-28 08:45:00+00:00,0.181
694744,2026-09-28 08:30:00+00:00,0.184
694744,2026-09-28 08:15:00+00:00,0.186
694744,2026-09-28 08:00:00+00:00,0.188
694744,2026-09-28 07:45:00+00:00,0.189
694744,2026-09-28 07:30:00+00:00,0.189
694744,2026-09-28 07:15:00+00:00,0.19
694744,2026-09-28 07:00:00+00:00,0.191
694744,2026-09-28 06:45:00+00:00,0.192
694744,2026-09-28 06:30:00+00:00,0.193
694744,2026-09-28 06:15:00+00:00,0.194
694744,2026-09-28 06:00:00+00:00,0.196
694744,2026-09-28 05:45:00+00:00,0.197
694744,2026-09-28 05:30:00+00:00,0.199
694744,2026-09-28 05:15:00+00:00,0.201
694744,2026-09-28 05:00:00+00:00,0.203
694744,2026-09-28 04:45:00+00:00,0.204
694744,2026-09-28 04:30:00+00:00,0.207
694744,2026-09-28 04:15:00+00:00,0.209
694744,2026-09-28 04:00:00+00:00,0.211
694744,2026-09-28 03:45:00+00:00,0.213
694744,2026-09-28 03:30:00+00:00,0.216
694744,2026-09-28 03:15:00+00:00,0.218
694744,2026-09-28 03:00:00+00:00,0.22
694744,2026-09-28 02:45:00+00:00,0.223
694744,2026-09-28 02:30:00+00:00,0.224
694744,2026-09-28 02:15:00+00:00,0.226
694744,2026-09-28 02:00:00+00:00,0.227
694744,2026-09-28 01:45:00+00:00,0.228
694744,2026-09-28 01:30:00+00:00,0.228
694744,2026-09-28 01:15:00+00:00,0.228
694744,2026-09-28 01:00:00+00:00,0.228
694744,2026-09-28 00:45:00+00:00,0.228
694744,2026-09-28 00:30:00+00:00,0.228
694744,2026-09-28 00:15:00+00:00,0.229
694744,2026-09-28 00:00:00+00:00,0.231
694744,2026-09-27 23:45:00+00:00,0.234
694744,2026-09-27 23:30:00+00:00,0.237
694744,2026-09-27 23:15:00+00:00,0.24
694744,2026-09-27 23:00:00+00:00,0.241
694744,2026-09-27 22:45:00+00:00,0.241
694744,2026-09-27 22:30:00+00:00,0.24
694744,2026-09-27 22:15:00+00:00,0.239
694744,2026-09-27 22:00:00+00:00,0.239
694744,2026-09-27 21:45:00+00:00,0.24
694744,2026-09-27 21:30:00+00:00,0.243
694744,2026-09-27 21:15:00+00:00,0.247
694744,2026-09-27 21:00:00+00:00,0.253
694744,2026-09-27 20:45:00+00:00,0.258
694744,2026-09-27 20:30:00+00:00,0.263
694744,2026-09-27 20:15:00+00:00,0.267
694744,2026-09-27 20:00:00+00:00,0.269
694744,2026-09-27 19:45:00+00:00,0.27
694744,2026-09-27 19:30:00+00:00,0.269
694744,2026-09-27 19:15:00+00:00,0.267
694744,2026-09-27 19:00:00+00:00,0.263
694744,2026-09-27 18:45:00+00:00,0.257
694744,2026-09-27 18:30:00+00:00,0.251
694744,2026-09-27 18:15:00+00:00,0.245
694744,2026-09-27 18:00:00+00:00,0.241
694744,2026-09-27 17:45:00+00:00,0.241
694744,2026-09-27 17:30:00+00:00,0.242
694744,2026-09-27 17:15:00+00:00,0.244
694744,2026-09-27 17:00:00+00:00,0.244
694744,2026-09-27 16:45:00+00:00,0.244
694744,2026-09-27 16:30:00+00:00,0.241
694744,2026-09-27 16:15:00+00:00,0.236
694744,2026-09-27 16:00:00+00:00,0.23
694744,2026-09-27 15:45:00+00:00,0.225
694744,2026-09-27 15:30:00+00:00,0.222
694744,2026-09-27 15:15:00+00:00,0.222
694744,2026-09-27 15:00:00+00:00,0.227
694744,2026-09-27 14:45:00+00:00,0.223
694744,2026-09-27 14:30:00+00:00,0.226
694744,2026-09-27 14:15:00+00:00,0.23
694744,2026-09-27 14:00:00+00:00,0.231
694744,2026-09-27 13:45:00+00:00,0.233
694744,2026-09-27 13:30:00+00:00,0.231
694744,2026-09-27 13:15:00+00:00,0.229
694744,2026-09-27 13:00:00+00:00,0.226
694744,2026-09-27 12:45:00+00:00,0.22
694744,2026-09-27 12:30:00+00:00,0.213
694744,2026-09-27 12:15:00+00:00,0.202
694744,2026-09-27 12:00:00+00:00,0.192
694744,2026-09-27 11:45:00+00:00,0.186
694744,2026-09-27 11:30:00+00:00,0.178
694744,2026-09-27 11:15:00+00:00,0.178
694744,2026-09-27 11:00:00+00:00,0.179
694744,2026-09-27 10:45:00+00:00,0.177
694744,2026-09-27 10:30:00+00:00,0.179
694744,2026-09-27 10:15:00+00:00,0.179
694744,2026-09-27 10:00:00+00:00,0.179
694744,2026-09-27 09:45:00+00:00,0.178
694744,2026-09-27 09:30:00+00:00,0.179
694744,2026-09-27 09:15:00+00:00,0.179
694744,2026-09-27 09:00:00+00:00,0.179
694744,2026-09-27 08:45:00+00:00,0.182
694744,2026-09-27 08:30:00+00:00,0.184
694744,2026-09-27 08:15:00+00:00,0.186
694744,2026-09-27 08:00:00+00:00,0.186
694744,2026-09-27 07:45:00+00:00,0.188
694744,2026-09-27 07:30:00+00:00,0.189
694744,2026-09-27 07:15:00+00:00,0.19
694744,2026-09-27 07:00:00+00:00,0.191
694744,2026-09-27 06:45:00+00:00,0.191
694744,2026-09-27 06:30:00+00:00,0.192
694744,2026-09-27 06:15:00+00:00,0.193
694744,2026-09-27 06:00:00+00:00,0.194
694744,2026-09-27 05:45:00+00:00,0.196
694744,2026-09-27 05:30:00+00:00,0.197
694744,2026-09-27 05:15:00+00:00,0.198
694744,2026-09-27 05:00:00+00:00,0.2
694744,2026-09-27 04:45:00+00:00,0.201
694744,2026-09-27 04:30:00+00:00,0.203
694744,2026-09-27 04:15:00+00:00,0.205
694744,2026-09-27 04:00:00+00:00,0.206
694744,2026-09-27 03:45:00+00:00,0.208
694744,2026-09-27 03:30:00+00:00,0.21
694744,2026-09-27 03:15:00+00:00,0.211
694744,2026-09-27 03:00:00+00:00,0.213
694744,2026-09-27 02:45:00+00:00,0.216
694744,2026-09-27 02:30:00+00:00,0.218
694744,2026-09-27 02:15:00+00:00,0.221
694744,2026-09-27 02:00:00+00:00,0.224
694744,2026-09-27 01:45:00+00:00,0.226
694744,2026-09-27 01:30:00+00:00,0.228
694744,2026-09-27 01:15:00+00:00,0.23
694744,2026-09-27 01:00:00+00:00,0.232
694744,2026-09-27 00:45:00+00:00,0.233
694744,2026-09-27 00:30:00+00:00,0.232
694744,2026-09-27 00:15:00+00:00,0.232
694744,2026-09-27 00:00:00+00:00,0.231
694744,2026-09-26 23:45:00+00:00,0.23
694744,2026-09-26 23:30:00+00:00,0.23
694744,2026-09-26 23:15:00+00:00,0.231
694744,2026-09-26 23:00:00+00:00,0.232
694744,2026-09-26 22:45:00+00:00,0.233
694744,2026-09-26 22:30:00+00:00,0.233
694744,2026-09-26 22:15:00+00:00,0.231
694744,2026-09-26 22:00:00+00:00,0.227
694744,2026-09-26 21:45:00+00:00,0.223
694744,2026-09-26 21:30:00+00:00,0.22
694744,2026-09-26 21:15:00+00:00,0.218
694744,2026-09-26 21:00:00+00:00,0.218
694744,2026-09-26 20:45:00+00:00,0.221
694744,2026-09-26 20:30:00+00:00,0.224
694744,2026-09-26 20:15:00+00:00,0.228
694744,2026-09-26 20:00:00+00:00,0.23
694744,2026-09-26 19:45:00+00:00,0.232
694744,2026-09-26 19:30:00+00:00,0.232
694744,2026-09-26 19:15:00+00:00,0.231
694744,2026-09-26 19:00:00+00:00,0.23
694744,2026-09-26 18:45:00+00:00,0.23
694744,2026-09-26 18:30:00+00:00,0.228
694744,2026-09-26 18:15:00+00:00,0.226
694744,2026-09-26 18:00:00+00:00,0.224
694744,2026-09-26 17:45:00+00:00,0.223
694744,2026-09-26 17:30:00+00:00,0.222
694744,2026-09-26 17:15:00+00:00,0.223
694744,2026-09-26 17:00:00+00:00,0.224
694744,2026-09-26 16:45:00+00:00,0.226
694744,2026-09-26 16:30:00+00:00,0.228
694744,2026-09-26 16:15:00+00:00,0.231
694744,2026-09-26 16:00:00+00:00,0.232
694744,2026-09-26 15:45:00+00:00,0.231
694744,2026-09-26 15:30:00+00:00,0.228
694744,2026-09-26 15:15:00+00:00,0.224
694744,2026-09-26 15:00:00+00:00,0.221
694744,2026-09-26 14:45:00+00:00,0.22
694744,2026-09-26 14:30:00+00:00,0.221
694744,2026-09-26 14:15:00+00:00,0.224
694744,2026-09-26 14:00:00+00:00,0.227
694744,2026-09-26 13:45:00+00:00,0.23
694744,2026-09-26 13:30:00+00:00,0.231
694744,2026-09-26 13:15:00+00:00,0.231
694744,2026-09-26 13:00:00+00:00,0.228
694744,2026-09-26 12:45:00+00:00,0.225
694744,2026-09-26 12:30:00+00:00,0.221
694744,2026-09-26 12:15:00+00:00,0.217
694744,2026-09-26 12:00:00+00:00,0.212
694744,2026-09-26 11:45:00+00:00,0.206
694744,2026-09-26 11:30:00+00:00,0.2
694744,2026-09-26 11:15:00+00:00,0.194
694744,2026-09-26 11:00:00+00:00,0.189
694744,2026-09-26 10:45:00+00:00,0.187
694744,2026-09-26 10:30:00+00:00,0.187
694744,2026-09-26 10:15:00+00:00,0.189
694744,2026-09-26 10:00:00+00:00,0.192
694744,2026-09-26 09:45:00+00:00,0.193
694744,2026-09-26 09:30:00+00:00,0.195
694744,2026-09-26 09:15:00+00:00,0.196
694744,2026-09-26 09:00:00+00:00,0.196
694744,2026-09-26 08:45:00+00:00,0.197
694744,2026-09-26 08:30:00+00:00,0.197
685517,2026-10-03 16:00:00+00:00,0.146
685517,2026-10-03 15:30:00+00:00,0.148
685517,2026-10-03 15:15:00+00:00,0.149
685517,2026-10-03 15:00:00+00:00,0.149
685517,2026-10-03 14:45:00+00:00,0.15
685517,2026-10-03 14:30:00+00:00,0.152
685517,2026-10-03 14:15:00+00:00,0.153
685517,2026-10-03 14:00:00+00:00,0.153
685517,2026-10-03 13:45:00+00:00,0.153
685517,2026-10-03 13:30:00+00:00,0.154
685517,2026-10-03 13:15:00+00:00,0.155
685517,2026-10-03 13:00:00+00:00,0.156
685517,2026-10-03 12:45:00+00:00,0.157
685517,2026-10-03 12:30:00+00:00,0.158
685517,2026-10-03 12:15:00+00:00,0.159
685517,2026-10-03 12:00:00+00:00,0.16
685517,2026-10-03 11:45:00+00:00,0.16
685517,2026-10-03 11:30:00+00:00,0.161
685517,2026-10-03 11:15:00+00:00,0.162
685517,2026-10-03 11:00:00+00:00,0.162
685517,2026-10-03 10:45:00+00:00,0.163
685517,2026-10-03 10:30:00+00:00,0.163
685517,2026-10-03 10:15:00+00:00,0.164
685517,2026-10-03 10:00:00+00:00,0.164
685517,2026-10-03 09:45:00+00:00,0.164
685517,2026-10-03 09:30:00+00:00,0.164
685517,2026-10-03 09:15:00+00:00,0.163
685517,2026-10-03 09:00:00+00:00,0.163
685517,2026-10-03 08:45:00+00:00,0.161
685517,2026-10-03 08:30:00+00:00,0.16
685517,2026-10-03 08:15:00+00:00,0.161
685517,2026-10-03 08:00:00+00:00,0.162
685517,2026-10-03 07:45:00+00:00,0.164
685517,2026-10-03 07:30:00+00:00,0.166
685517,2026-10-03 07:15:00+00:00,0.169
685517,2026-10-03 07:00:00+00:00,0.171
685517,2026-10-03 06:45:00+00:00,0.174
685517,2026-10-03 06:30:00+00:00,0.177
685517,2026-10-03 06:15:00+00:00,0.181
685517,2026-10-03 06:00:00+00:00,0.185
685517,2026-10-03 05:45:00+00:00,0.189
685517,2026-10-03 05:30:00+00:00,0.194
685517,2026-10-03 05:15:00+00:00,0.201
685517,2026-10-03 05:00:00+00:00,0.207
685517,2026-10-03 04:45:00+00:00,0.215
685517,2026-10-03 04:30:00+00:00,0.224
685517,2026-10-03 04:15:00+00:00,0.236
685517,2026-10-03 04:00:00+00:00,0.249
685517,2026-10-03 03:45:00+00:00,0.265
685517,2026-10-03 03:30:00+00:00,0.285
685517,2026-10-03 03:15:00+00:00,0.31
685517,2026-10-03 03:00:00+00:00,0.34
685517,2026-10-03 02:45:00+00:00,0.375
685517,2026-10-03 02:30:00+00:00,0.412
685517,2026-10-03 02:15:00+00:00,0.448
685517,2026-10-03 02:00:00+00:00,0.479
685517,2026-10-03 01:45:00+00:00,0.494
685517,2026-10-03 01:30:00+00:00,0.494
685517,2026-10-03 01:15:00+00:00,0.473
685517,2026-10-03 01:00:00+00:00,0.431
685517,2026-10-03 00:45:00+00:00,0.382
685517,2026-10-03 00:30:00+00:00,0.33
685517,2026-10-03 00:00:00+00:00,0.249
685517,2026-10-02 23:45:00+00:00,0.229
685517,2026-10-02 23:30:00+00:00,0.208
685517,2026-10-02 23:15:00+00:00,0.19
685517,2026-10-02 23:00:00+00:00,0.159
685517,2026-10-02 22:45:00+00:00,0.124
685517,2026-10-02 22:30:00+00:00,0.122
685517,2026-10-02 22:15:00+00:00,0.122
685517,2026-10-02 22:00:00+00:00,0.122
685517,2026-10-02 21:45:00+00:00,0.122
685517,2026-10-02 21:30:00+00:00,0.122
685517,2026-10-02 21:15:00+00:00,0.122
685517,2026-10-02 21:00:00+00:00,0.122
685517,2026-10-02 20:45:00+00:00,0.122
685517,2026-10-02 20:30:00+00:00,0.123
685517,2026-10-02 20:15:00+00:00,0.124
685517,2026-10-02 20:00:00+00:00,0.124
685517,2026-10-02 19:45:00+00:00,0.124
685517,2026-10-02 19:30:00+00:00,0.124
685517,2026-10-02 19:15:00+00:00,0.125
685517,2026-10-02 19:00:00+00:00,0.125
685517,2026-10-02 18:45:00+00:00,0.125
685517,2026-10-02 18:30:00+00:00,0.125
685517,2026-10-02 18:15:00+00:00,0.125
685517,2026-10-02 18:00:00+00:00,0.125
685517,2026-10-02 17:45:00+00:00,0.126
685517,2026-10-02 17:30:00+00:00,0.126
685517,2026-10-02 17:15:00+00:00,0.126
685517,2026-10-02 17:00:00+00:00,0.128
685517,2026-10-02 16:45:00+00:00,0.128
685517,2026-10-02 16:30:00+00:00,0.128
685517,2026-10-02 16:15:00+00:00,0.129
685517,2026-10-02 16:00:00+00:00,0.129
685517,2026-10-02 15:45:00+00:00,0.129
685517,2026-10-02 15:30:00+00:00,0.13
685517,2026-10-02 15:15:00+00:00,0.13
685517,2026-10-02 15:00:00+00:00,0.131
685517,2026-10-02 14:45:00+00:00,0.131
685517,2026-10-02 14:30:00+00:00,0.131
685517,2026-10-02 14:15:00+00:00,0.132
685517,2026-10-02 14:00:00+00:00,0.132
685517,2026-10-02 13:45:00+00:00,0.133
685517,2026-10-02 13:30:00+00:00,0.133
685517,2026-10-02 13:15:00+00:00,0.135
685517,2026-10-02 13:00:00+00:00,0.136
685517,2026-10-02 12:45:00+00:00,0.138
685517,2026-10-02 12:30:00+00:00,0.139
685517,2026-10-02 12:15:00+00:00,0.141
685517,2026-10-02 12:00:00+00:00,0.143
685517,2026-10-02 11:45:00+00:00,0.145
685517,2026-10-02 11:30:00+00:00,0.146
685517,2026-10-02 11:15:00+00:00,0.147
685517,2026-10-02 11:00:00+00:00,0.148
685517,2026-10-02 10:45:00+00:00,0.149
685517,2026-10-02 10:30:00+00:00,0.149
685517,2026-10-02 10:15:00+00:00,0.148
685517,2026-10-02 10:00:00+00:00,0.146
685517,2026-10-02 09:45:00+00:00,0.146
685517,2026-10-02 09:30:00+00:00,0.146
685517,2026-10-02 09:15:00+00:00,0.145
685517,2026-10-02 09:00:00+00:00,0.145
685517,2026-10-02 08:45:00+00:00,0.143
685517,2026-10-02 08:30:00+00:00,0.142
685517,2026-10-02 08:15:00+00:00,0.142
685517,2026-10-02 08:00:00+00:00,0.142
685517,2026-10-02 07:45:00+00:00,0.142
685517,2026-10-02 07:30:00+00:00,0.14
685517,2026-10-02 07:15:00+00:00,0.139
685517,2026-10-02 07:00:00+00:00,0.137
685517,2026-10-02 06:45:00+00:00,0.136
685517,2026-10-02 06:30:00+00:00,0.135
685517,2026-10-02 06:15:00+00:00,0.133
685517,2026-10-02 06:00:00+00:00,0.132
685517,2026-10-02 05:45:00+00:00,0.129
685517,2026-10-02 05:30:00+00:00,0.126
685517,2026-10-02 05:15:00+00:00,0.125
685517,2026-10-02 05:00:00+00:00,0.124
685517,2026-10-02 04:45:00+00:00,0.122
685517,2026-10-02 04:30:00+00:00,0.122
685517,2026-10-02 04:15:00+00:00,0.122
685517,2026-10-02 04:00:00+00:00,0.122
685517,2026-10-02 03:45:00+00:00,0.122
685517,2026-10-02 03:30:00+00:00,0.122
685517,2026-10-02 03:15:00+00:00,0.123
685517,2026-10-02 03:00:00+00:00,0.123
685517,2026-10-02 02:45:00+00:00,0.123
685517,2026-10-02 02:30:00+00:00,0.123
685517,2026-10-02 02:15:00+00:00,0.123
685517,2026-10-02 02:00:00+00:00,0.123
685517,2026-10-02 01:45:00+00:00,0.123
685517,2026-10-02 01:30:00+00:00,0.124
685517,2026-10-02 01:15:00+00:00,0.124
685517,2026-10-02 01:00:00+00:00,0.124
685517,2026-10-02 00:45:00+00:00,0.124
685517,2026-10-02 00:30:00+00:00,0.124
685517,2026-10-02 00:15:00+00:00,0.124
685517,2026-10-02 00:00:00+00:00,0.124
685517,2026-10-01 23:45:00+00:00,0.124
685517,2026-10-01 23:30:00+00:00,0.124
685517,2026-10-01 23:15:00+00:00,0.124
685517,2026-10-01 23:00:00+00:00,0.124
685517,2026-10-01 22:45:00+00:00,0.124
685517,2026-10-01 22:30:00+00:00,0.125
685517,2026-10-01 22:15:00+00:00,0.125
685517,2026-10-01 22:00:00+00:00,0.125
685517,2026-10-01 21:45:00+00:00,0.125
685517,2026-10-01 21:30:00+00:00,0.125
685517,2026-10-01 21:15:00+00:00,0.125
685517,2026-10-01 21:00:00+00:00,0.125
685517,2026-10-01 20:45:00+00:00,0.125
685517,2026-10-01 20:30:00+00:00,0.125
685517,2026-10-01 20:15:00+00:00,0.126
685517,2026-10-01 20:00:00+00:00,0.126
685517,2026-10-01 19:45:00+00:00,0.126
685517,2026-10-01 19:30:00+00:00,0.126
685517,2026-10-01 19:15:00+00:00,0.126
685517,2026-10-01 19:00:00+00:00,0.126
685517,2026-10-01 18:45:00+00:00,0.126
685517,2026-10-01 18:30:00+00:00,0.126
685517,2026-10-01 18:15:00+00:00,0.126
685517,2026-10-01 18:00:00+00:00,0.126
685517,2026-10-01 17:45:00+00:00,0.126
685517,2026-10-01 17:30:00+00:00,0.126
685517,2026-10-01 17:15:00+00:00,0.127
685517,2026-10-01 17:00:00+00:00,0.127
685517,2026-10-01 16:45:00+00:00,0.127
685517,2026-10-01 16:30:00+00:00,0.128
685517,2026-10-01 16:15:00+00:00,0.128
685517,2026-10-01 16:00:00+00:00,0.128
685517,2026-10-01 15:45:00+00:00,0.128
685517,2026-10-01 15:30:00+00:00,0.128
685517,2026-10-01 15:15:00+00:00,0.128
685517,2026-10-01 15:00:00+00:00,0.13
685517,2026-10-01 14:45:00+00:00,0.129
685517,2026-10-01 14:30:00+00:00,0.13
685517,2026-10-01 14:15:00+00:00,0.13
685517,2026-10-01 14:00:00+00:00,0.129
685517,2026-10-01 13:45:00+00:00,0.13
685517,2026-10-01 13:30:00+00:00,0.13
685517,2026-10-01 13:15:00+00:00,0.131
685517,2026-10-01 13:00:00+00:00,0.131
685517,2026-10-01 12:45:00+00:00,0.131
685517,2026-10-01 12:30:00+00:00,0.131
685517,2026-10-01 12:15:00+00:00,0.132
685517,2026-10-01 12:00:00+00:00,0.132
685517,2026-10-01 11:45:00+00:00,0.132
685517,2026-10-01 11:30:00+00:00,0.132
685517,2026-10-01 11:15:00+00:00,0.132
685517,2026-10-01 11:00:00+00:00,0.132
685517,2026-10-01 10:45:00+00:00,0.132
685517,2026-10-01 10:30:00+00:00,0.132
685517,2026-10-01 10:15:00+00:00,0.132
685517,2026-10-01 10:00:00+00:00,0.133
685517,2026-10-01 09:45:00+00:00,0.133
685517,2026-10-01 09:30:00+00:00,0.134
685517,2026-10-01 09:15:00+00:00,0.134
685517,2026-10-01 09:00:00+00:00,0.135
685517,2026-10-01 08:45:00+00:00,0.135
685517,2026-10-01 08:30:00+00:00,0.135
685517,2026-10-01 08:15:00+00:00,0.135
685517,2026-10-01 08:00:00+00:00,0.135
685517,2026-10-01 07:45:00+00:00,0.135
685517,2026-10-01 07:30:00+00:00,0.136
685517,2026-10-01 07:15:00+00:00,0.136
685517,2026-10-01 07:00:00+00:00,0.138
685517,2026-10-01 06:45:00+00:00,0.138
685517,2026-10-01 06:30:00+00:00,0.136
685517,2026-10-01 06:15:00+00:00,0.138
685517,2026-10-01 06:00:00+00:00,0.138
685517,2026-10-01 05:45:00+00:00,0.138
685517,2026-10-01 05:30:00+00:00,0.138
685517,2026-10-01 05:15:00+00:00,0.139
685517,2026-10-01 05:00:00+00:00,0.139
685517,2026-10-01 04:45:00+00:00,0.139
685517,2026-10-01 04:30:00+00:00,0.139
685517,2026-10-01 04:15:00+00:00,0.139
685517,2026-10-01 04:00:00+00:00,0.142
685517,2026-10-01 03:45:00+00:00,0.142
685517,2026-10-01 03:30:00+00:00,0.143
685517,2026-10-01 03:15:00+00:00,0.143
685517,2026-10-01 03:00:00+00:00,0.143
685517,2026-10-01 02:45:00+00:00,0.144
685517,2026-10-01 02:30:00+00:00,0.145
685517,2026-10-01 02:15:00+00:00,0.146
685517,2026-10-01 02:00:00+00:00,0.146
685517,2026-10-01 01:45:00+00:00,0.146
685517,2026-10-01 01:30:00+00:00,0.147
685517,2026-10-01 01:15:00+00:00,0.147
685517,2026-10-01 01:00:00+00:00,0.148
685517,2026-10-01 00:45:00+00:00,0.149
685517,2026-10-01 00:30:00+00:00,0.149
685517,2026-10-01 00:15:00+00:00,0.149
685517,2026-10-01 00:00:00+00:00,0.15
685517,2026-09-30 23:45:00+00:00,0.151
685517,2026-09-30 23:30:00+00:00,0.152
685517,2026-09-30 23:15:00+00:00,0.152
685517,2026-09-30 23:00:00+00:00,0.153
685517,2026-09-30 22:45:00+00:00,0.153
685517,2026-09-30 22:30:00+00:00,0.153
685517,2026-09-30 22:15:00+00:00,0.154
685517,2026-09-30 22:00:00+00:00,0.155
685517,2026-09-30 21:45:00+00:00,0.156
685517,2026-09-30 21:30:00+00:00,0.156
685517,2026-09-30 21:15:00+00:00,0.157
685517,2026-09-30 21:00:00+00:00,0.157
685517,2026-09-30 20:45:00+00:00,0.157
685517,2026-09-30 20:15:00+00:00,0.158
685517,2026-09-30 20:00:00+00:00,0.158
685517,2026-09-30 19:45:00+00:00,0.159
685517,2026-09-30 19:30:00+00:00,0.16
685517,2026-09-30 19:15:00+00:00,0.16
685517,2026-09-30 19:00:00+00:00,0.162
685517,2026-09-30 18:45:00+00:00,0.163
685517,2026-09-30 18:30:00+00:00,0.165
685517,2026-09-30 18:15:00+00:00,0.167
685517,2026-09-30 18:00:00+00:00,0.168
685517,2026-09-30 17:45:00+00:00,0.17
685517,2026-09-30 17:30:00+00:00,0.171
685517,2026-09-30 17:15:00+00:00,0.171
685517,2026-09-30 17:00:00+00:00,0.172
685517,2026-09-30 16:45:00+00:00,0.171
685517,2026-09-30 16:30:00+00:00,0.17
685517,2026-09-30 16:15:00+00:00,0.169
685517,2026-09-30 16:00:00+00:00,0.167
685517,2026-09-30 15:45:00+00:00,0.166
685517,2026-09-30 15:30:00+00:00,0.167
685517,2026-09-30 15:15:00+00:00,0.169
685517,2026-09-30 15:00:00+00:00,0.17
685517,2026-09-30 14:45:00+00:00,0.173
685517,2026-09-30 14:30:00+00:00,0.176
685517,2026-09-30 14:15:00+00:00,0.18
685517,2026-09-30 14:00:00+00:00,0.184
685517,2026-09-30 13:45:00+00:00,0.188
685517,2026-09-30 13:30:00+00:00,0.194
685517,2026-09-30 13:15:00+00:00,0.199
685517,2026-09-30 13:00:00+00:00,0.205
685517,2026-09-30 12:45:00+00:00,0.213
685517,2026-09-30 12:30:00+00:00,0.222
685517,2026-09-30 12:15:00+00:00,0.232
685517,2026-09-30 12:00:00+00:00,0.243
685517,2026-09-30 11:45:00+00:00,0.254
685517,2026-09-30 11:30:00+00:00,0.267
685517,2026-09-30 11:15:00+00:00,0.281
685517,2026-09-30 11:00:00+00:00,0.296
685517,2026-09-30 10:45:00+00:00,0.313
685517,2026-09-30 10:30:00+00:00,0.33
685517,2026-09-30 10:15:00+00:00,0.345
685517,2026-09-30 10:00:00+00:00,0.36
685517,2026-09-30 09:45:00+00:00,0.371
685517,2026-09-30 09:30:00+00:00,0.382
685517,2026-09-30 09:15:00+00:00,0.392
685517,2026-09-30 09:00:00+00:00,0.403
685517,2026-09-30 08:45:00+00:00,0.416
685517,2026-09-30 08:30:00+00:00,0.43
685517,2026-09-30 08:15:00+00:00,0.442
685517,2026-09-30 08:00:00+00:00,0.454
685517,2026-09-30 07:45:00+00:00,0.458
685517,2026-09-30 07:30:00+00:00,0.451
685517,2026-09-30 07:15:00+00:00,0.426
685517,2026-09-30 07:00:00+00:00,0.39
685517,2026-09-30 06:45:00+00:00,0.353
685517,2026-09-30 06:30:00+00:00,0.312
685517,2026-09-30 06:15:00+00:00,0.268
685517,2026-09-30 06:00:00+00:00,0.237
685517,2026-09-30 05:45:00+00:00,0.221
685517,2026-09-30 05:30:00+00:00,0.201
685517,2026-09-30 05:15:00+00:00,0.174
685517,2026-09-30 05:00:00+00:00,0.174
685517,2026-09-30 04:45:00+00:00,0.14
685517,2026-09-30 04:30:00+00:00,0.124
685517,2026-09-30 04:15:00+00:00,0.124
685517,2026-09-30 04:00:00+00:00,0.124
685517,2026-09-30 03:45:00+00:00,0.124
685517,2026-09-30 03:30:00+00:00,0.124
685517,2026-09-30 03:15:00+00:00,0.125
685517,2026-09-30 03:00:00+00:00,0.125
685517,2026-09-30 02:45:00+00:00,0.125
685517,2026-09-30 02:30:00+00:00,0.125
685517,2026-09-30 02:15:00+00:00,0.125
685517,2026-09-30 02:00:00+00:00,0.125
685517,2026-09-30 01:45:00+00:00,0.125
685517,2026-09-30 01:30:00+00:00,0.125
685517,2026-09-30 01:15:00+00:00,0.125
685517,2026-09-30 01:00:00+00:00,0.125
685517,2026-09-30 00:45:00+00:00,0.125
685517,2026-09-30 00:30:00+00:00,0.125
685517,2026-09-30 00:15:00+00:00,0.125
685517,2026-09-30 00:00:00+00:00,0.125
685517,2026-09-29 23:45:00+00:00,0.125
685517,2026-09-29 23:30:00+00:00,0.126
685517,2026-09-29 23:15:00+00:00,0.126
685517,2026-09-29 23:00:00+00:00,0.126
685517,2026-09-29 22:45:00+00:00,0.126
685517,2026-09-29 22:30:00+00:00,0.126
685517,2026-09-29 22:15:00+00:00,0.126
685517,2026-09-29 22:00:00+00:00,0.125
685517,2026-09-29 21:45:00+00:00,0.125
685517,2026-09-29 21:30:00+00:00,0.125
685517,2026-09-29 21:15:00+00:00,0.124
685517,2026-09-29 21:00:00+00:00,0.124
685517,2026-09-29 20:45:00+00:00,0.123
685517,2026-09-29 20:30:00+00:00,0.122
685517,2026-09-29 20:15:00+00:00,0.122
685517,2026-09-29 20:00:00+00:00,0.122
685517,2026-09-29 19:45:00+00:00,0.122
685517,2026-09-29 19:30:00+00:00,0.122
685517,2026-09-29 19:15:00+00:00,0.122
685517,2026-09-29 19:00:00+00:00,0.122
685517,2026-09-29 18:45:00+00:00,0.122
685517,2026-09-29 18:30:00+00:00,0.122
685517,2026-09-29 18:15:00+00:00,0.122
685517,2026-09-29 18:00:00+00:00,0.122
685517,2026-09-29 17:45:00+00:00,0.122
685517,2026-09-29 17:30:00+00:00,0.122
685517,2026-09-29 17:15:00+00:00,0.122
685517,2026-09-29 17:00:00+00:00,0.122
685517,2026-09-29 16:45:00+00:00,0.122
685517,2026-09-29 16:30:00+00:00,0.122
685517,2026-09-29 16:15:00+00:00,0.122
685517,2026-09-29 16:00:00+00:00,0.121
685517,2026-09-29 15:45:00+00:00,0.122
685517,2026-09-29 15:30:00+00:00,0.122
685517,2026-09-29 15:15:00+00:00,0.122
685517,2026-09-29 15:00:00+00:00,0.122
685517,2026-09-29 14:45:00+00:00,0.122
685517,2026-09-29 14:30:00+00:00,0.122
685517,2026-09-29 14:15:00+00:00,0.122
685517,2026-09-29 14:00:00+00:00,0.122
685517,2026-09-29 13:45:00+00:00,0.122
685517,2026-09-29 13:30:00+00:00,0.122
685517,2026-09-29 13:15:00+00:00,0.122
685517,2026-09-29 13:00:00+00:00,0.122
685517,2026-09-29 12:45:00+00:00,0.122
685517,2026-09-29 12:30:00+00:00,0.122
685517,2026-09-29 12:15:00+00:00,0.121
685517,2026-09-29 12:00:00+00:00,0.121
685517,2026-09-29 11:45:00+00:00,0.121
685517,2026-09-29 11:30:00+00:00,0.121
685517,2026-09-29 11:15:00+00:00,0.121
685517,2026-09-29 11:00:00+00:00,0.121
685517,2026-09-29 10:45:00+00:00,0.121
685517,2026-09-29 10:30:00+00:00,0.121
685517,2026-09-29 10:15:00+00:00,0.121
685517,2026-09-29 10:00:00+00:00,0.121
685517,2026-09-29 09:45:00+00:00,0.121
685517,2026-09-29 09:30:00+00:00,0.121
685517,2026-09-29 09:15:00+00:00,0.121
685517,2026-09-29 09:00:00+00:00,0.122
685517,2026-09-29 08:45:00+00:00,0.121
685517,2026-09-29 08:30:00+00:00,0.121
685517,2026-09-29 08:15:00+00:00,0.121
685517,2026-09-29 08:00:00+00:00,0.121
685517,2026-09-29 07:45:00+00:00,0.121
685517,2026-09-29 07:30:00+00:00,0.121
685517,2026-09-29 07:15:00+00:00,0.121
685517,2026-09-29 07:00:00+00:00,0.121
685517,2026-09-29 06:45:00+00:00,0.121
685517,2026-09-29 06:30:00+00:00,0.121
685517,2026-09-29 06:15:00+00:00,0.121
685517,2026-09-29 06:00:00+00:00,0.121
685517,2026-09-29 05:45:00+00:00,0.121
685517,2026-09-29 05:30:00+00:00,0.121
685517,2026-09-29 05:15:00+00:00,0.121
685517,2026-09-29 05:00:00+00:00,0.121
685517,2026-09-29 04:45:00+00:00,0.121
685517,2026-09-29 04:30:00+00:00,0.121
685517,2026-09-29 04:15:00+00:00,0.121
685517,2026-09-29 04:00:00+00:00,0.122
685517,2026-09-29 03:45:00+00:00,0.122
685517,2026-09-29 03:30:00+00:00,0.122
685517,2026-09-29 03:15:00+00:00,0.122
685517,2026-09-29 03:00:00+00:00,0.122
685517,2026-09-29 02:45:00+00:00,0.122
685517,2026-09-29 02:30:00+00:00,0.122
685517,2026-09-29 02:15:00+00:00,0.122
685517,2026-09-29 02:00:00+00:00,0.122
685517,2026-09-29 01:45:00+00:00,0.122
685517,2026-09-29 01:30:00+00:00,0.122
685517,2026-09-29 01:15:00+00:00,0.122
685517,2026-09-29 01:00:00+00:00,0.122
685517,2026-09-29 00:45:00+00:00,0.122
685517,2026-09-29 00:30:00+00:00,0.122
685517,2026-09-29 00:15:00+00:00,0.122
685517,2026-09-29 00:00:00+00:00,0.122
685517,2026-09-28 23:45:00+00:00,0.122
685517,2026-09-28 23:30:00+00:00,0.122
685517,2026-09-28 23:15:00+00:00,0.122
685517,2026-09-28 23:00:00+00:00,0.122
685517,2026-09-28 22:45:00+00:00,0.122
685517,2026-09-28 22:30:00+00:00,0.122
685517,2026-09-28 22:15:00+00:00,0.122
685517,2026-09-28 22:00:00+00:00,0.122
685517,2026-09-28 21:45:00+00:00,0.122
685517,2026-09-28 21:30:00+00:00,0.122
685517,2026-09-28 21:15:00+00:00,0.122
685517,2026-09-28 21:00:00+00:00,0.122
685517,2026-09-28 20:45:00+00:00,0.122
685517,2026-09-28 20:30:00+00:00,0.122
685517,2026-09-28 20:15:00+00:00,0.122
685517,2026-09-28 20:00:00+00:00,0.122
685517,2026-09-28 19:45:00+00:00,0.122
685517,2026-09-28 19:30:00+00:00,0.122
685517,2026-09-28 19:15:00+00:00,0.122
685517,2026-09-28 19:00:00+00:00,0.123
685517,2026-09-28 18:45:00+00:00,0.123
685517,2026-09-28 18:30:00+00:00,0.123
685517,2026-09-28 18:15:00+00:00,0.124
685517,2026-09-28 18:00:00+00:00,0.124
685517,2026-09-28 17:45:00+00:00,0.123
685517,2026-09-28 17:30:00+00:00,0.123
685517,2026-09-28 17:15:00+00:00,0.124
685517,2026-09-28 17:00:00+00:00,0.124
685517,2026-09-28 16:45:00+00:00,0.123
685517,2026-09-28 16:30:00+00:00,0.123
685517,2026-09-28 16:15:00+00:00,0.123
685517,2026-09-28 16:00:00+00:00,0.123
685517,2026-09-28 15:45:00+00:00,0.123
685517,2026-09-28 15:30:00+00:00,0.123
685517,2026-09-28 15:15:00+00:00,0.123
685517,2026-09-28 15:00:00+00:00,0.123
685517,2026-09-28 14:45:00+00:00,0.123
685517,2026-09-28 14:30:00+00:00,0.124
685517,2026-09-28 14:15:00+00:00,0.124
685517,2026-09-28 14:00:00+00:00,0.124
685517,2026-09-28 13:45:00+00:00,0.124
685517,2026-09-28 13:30:00+00:00,0.124
685517,2026-09-28 13:15:00+00:00,0.124
685517,2026-09-28 13:00:00+00:00,0.124
685517,2026-09-28 12:45:00+00:00,0.124
685517,2026-09-28 12:30:00+00:00,0.124
685517,2026-09-28 12:15:00+00:00,0.124
685517,2026-09-28 12:00:00+00:00,0.124
685517,2026-09-28 11:45:00+00:00,0.124
685517,2026-09-28 11:30:00+00:00,0.124
685517,2026-09-28 11:15:00+00:00,0.124
685517,2026-09-28 11:00:00+00:00,0.124
685517,2026-09-28 10:45:00+00:00,0.124
685517,2026-09-28 10:30:00+00:00,0.124
685517,2026-09-28 10:15:00+00:00,0.124
685517,2026-09-28 10:00:00+00:00,0.125
685517,2026-09-28 09:45:00+00:00,0.125
685517,2026-09-28 09:30:00+00:00,0.125
685517,2026-09-28 09:15:00+00:00,0.125
685517,2026-09-28 09:00:00+00:00,0.125
685517,2026-09-28 08:45:00+00:00,0.125
685517,2026-09-28 08:30:00+00:00,0.125
685517,2026-09-28 08:15:00+00:00,0.125
685517,2026-09-28 08:00:00+00:00,0.125
685517,2026-09-28 07:45:00+00:00,0.125
685517,2026-09-28 07:30:00+00:00,0.126
685517,2026-09-28 07:15:00+00:00,0.126
685517,2026-09-28 07:00:00+00:00,0.126
685517,2026-09-28 06:45:00+00:00,0.126
685517,2026-09-28 06:30:00+00:00,0.126
685517,2026-09-28 06:15:00+00:00,0.126
685517,2026-09-28 06:00:00+00:00,0.126
685517,2026-09-28 05:45:00+00:00,0.126
685517,2026-09-28 05:30:00+00:00,0.127
685517,2026-09-28 05:15:00+00:00,0.128
685517,2026-09-28 05:00:00+00:00,0.128
685517,2026-09-28 04:45:00+00:00,0.128
685517,2026-09-28 04:30:00+00:00,0.128
685517,2026-09-28 04:15:00+00:00,0.128
685517,2026-09-28 04:00:00+00:00,0.128
685517,2026-09-28 03:45:00+00:00,0.128
685517,2026-09-28 03:30:00+00:00,0.129
685517,2026-09-28 03:15:00+00:00,0.129
685517,2026-09-28 03:00:00+00:00,0.129
685517,2026-09-28 02:45:00+00:00,0.129
685517,2026-09-28 02:30:00+00:00,0.129
685517,2026-09-28 02:15:00+00:00,0.129
685517,2026-09-28 02:00:00+00:00,0.129
685517,2026-09-28 01:45:00+00:00,0.129
685517,2026-09-28 01:30:00+00:00,0.13
685517,2026-09-28 01:15:00+00:00,0.13
685517,2026-09-28 01:00:00+00:00,0.131
685517,2026-09-28 00:45:00+00:00,0.131
685517,2026-09-28 00:30:00+00:00,0.131
685517,2026-09-28 00:15:00+00:00,0.132
685517,2026-09-28 00:00:00+00:00,0.132
685517,2026-09-27 23:45:00+00:00,0.132
685517,2026-09-27 23:30:00+00:00,0.133
685517,2026-09-27 23:15:00+00:00,0.134
685517,2026-09-27 23:00:00+00:00,0.135
685517,2026-09-27 22:45:00+00:00,0.135
685517,2026-09-27 22:30:00+00:00,0.136
685517,2026-09-27 22:15:00+00:00,0.138
685517,2026-09-27 22:00:00+00:00,0.138
685517,2026-09-27 21:45:00+00:00,0.139
685517,2026-09-27 21:30:00+00:00,0.139
685517,2026-09-27 21:15:00+00:00,0.14
685517,2026-09-27 21:00:00+00:00,0.14
685517,2026-09-27 20:45:00+00:00,0.139
685517,2026-09-27 20:30:00+00:00,0.139
685517,2026-09-27 20:15:00+00:00,0.138
685517,2026-09-27 20:00:00+00:00,0.135
685517,2026-09-27 19:45:00+00:00,0.132
685517,2026-09-27 19:30:00+00:00,0.131
685517,2026-09-27 19:15:00+00:00,0.13
685517,2026-09-27 19:00:00+00:00,0.129
685517,2026-09-27 18:45:00+00:00,0.129
685517,2026-09-27 18:30:00+00:00,0.129
685517,2026-09-27 18:15:00+00:00,0.128
685517,2026-09-27 18:00:00+00:00,0.126
685517,2026-09-27 17:45:00+00:00,0.125
685517,2026-09-27 17:30:00+00:00,0.124
685517,2026-09-27 17:15:00+00:00,0.124
685517,2026-09-27 17:00:00+00:00,0.124
685517,2026-09-27 16:45:00+00:00,0.124
685517,2026-09-27 16:30:00+00:00,0.124
685517,2026-09-27 16:15:00+00:00,0.124
685517,2026-09-27 16:00:00+00:00,0.124
685517,2026-09-27 15:45:00+00:00,0.124
685517,2026-09-27 15:30:00+00:00,0.124
685517,2026-09-27 15:15:00+00:00,0.124
685517,2026-09-27 15:00:00+00:00,0.125
685517,2026-09-27 14:45:00+00:00,0.125
685517,2026-09-27 14:30:00+00:00,0.124
685517,2026-09-27 14:15:00+00:00,0.124
685517,2026-09-27 14:00:00+00:00,0.124
685517,2026-09-27 13:45:00+00:00,0.124
685517,2026-09-27 13:30:00+00:00,0.125
685517,2026-09-27 13:15:00+00:00,0.124
685517,2026-09-27 13:00:00+00:00,0.124
685517,2026-09-27 12:45:00+00:00,0.125
685517,2026-09-27 12:30:00+00:00,0.124
685517,2026-09-27 12:15:00+00:00,0.123
685517,2026-09-27 12:00:00+00:00,0.124
685517,2026-09-27 11:45:00+00:00,0.124
685517,2026-09-27 11:30:00+00:00,0.123
685517,2026-09-27 11:15:00+00:00,0.124
685517,2026-09-27 11:00:00+00:00,0.124
685517,2026-09-27 10:45:00+00:00,0.125
685517,2026-09-27 10:30:00+00:00,0.124
685517,2026-09-27 10:15:00+00:00,0.124
685517,2026-09-27 10:00:00+00:00,0.124
685517,2026-09-27 09:45:00+00:00,0.124
685517,2026-09-27 09:30:00+00:00,0.124
685517,2026-09-27 09:15:00+00:00,0.124
685517,2026-09-27 09:00:00+00:00,0.124
685517,2026-09-27 08:45:00+00:00,0.124
685517,2026-09-27 08:30:00+00:00,0.124
685517,2026-09-27 08:15:00+00:00,0.124
685517,2026-09-27 08:00:00+00:00,0.124
685517,2026-09-27 07:45:00+00:00,0.124
685517,2026-09-27 07:30:00+00:00,0.124
685517,2026-09-27 07:15:00+00:00,0.124
685517,2026-09-27 07:00:00+00:00,0.125
685517,2026-09-27 06:45:00+00:00,0.124
685517,2026-09-27 06:30:00+00:00,0.124
685517,2026-09-27 06:15:00+00:00,0.124
685517,2026-09-27 06:00:00+00:00,0.124
685517,2026-09-27 05:45:00+00:00,0.125
685517,2026-09-27 05:30:00+00:00,0.124
685517,2026-09-27 05:15:00+00:00,0.124
685517,2026-09-27 05:00:00+00:00,0.124
685517,2026-09-27 04:45:00+00:00,0.124
685517,2026-09-27 04:30:00+00:00,0.124
685517,2026-09-27 04:15:00+00:00,0.124
685517,2026-09-27 04:00:00+00:00,0.124
685517,2026-09-27 03:45:00+00:00,0.124
685517,2026-09-27 03:30:00+00:00,0.125
685517,2026-09-27 03:15:00+00:00,0.125
685517,2026-09-27 03:00:00+00:00,0.125
685517,2026-09-27 02:45:00+00:00,0.125
685517,2026-09-27 02:30:00+00:00,0.125
685517,2026-09-27 02:15:00+00:00,0.125
685517,2026-09-27 02:00:00+00:00,0.125
685517,2026-09-27 01:45:00+00:00,0.125
685517,2026-09-27 01:30:00+00:00,0.125
685517,2026-09-27 01:15:00+00:00,0.125
685517,2026-09-27 01:00:00+00:00,0.125
685517,2026-09-27 00:45:00+00:00,0.125
685517,2026-09-27 00:30:00+00:00,0.125
685517,2026-09-27 00:15:00+00:00,0.125
685517,2026-09-27 00:00:00+00:00,0.125
685517,2026-09-26 23:45:00+00:00,0.125
685517,2026-09-26 23:30:00+00:00,0.125
685517,2026-09-26 23:15:00+00:00,0.125
685517,2026-09-26 23:00:00+00:00,0.125
685517,2026-09-26 22:45:00+00:00,0.125
685517,2026-09-26 22:30:00+00:00,0.125
685517,2026-09-26 22:15:00+00:00,0.125
685517,2026-09-26 22:00:00+00:00,0.125
685517,2026-09-26 21:45:00+00:00,0.125
685517,2026-09-26 21:30:00+00:00,0.125
685517,2026-09-26 21:15:00+00:00,0.125
685517,2026-09-26 21:00:00+00:00,0.125
685517,2026-09-26 20:45:00+00:00,0.125
685517,2026-09-26 20:30:00+00:00,0.125
685517,2026-09-26 20:15:00+00:00,0.125
685517,2026-09-26 20:00:00+00:00,0.125
685517,2026-09-26 19:45:00+00:00,0.125
685517,2026-09-26 19:30:00+00:00,0.125
685517,2026-09-26 19:15:00+00:00,0.125
685517,2026-09-26 19:00:00+00:00,0.125
685517,2026-09-26 18:45:00+00:00,0.125
685517,2026-09-26 18:30:00+00:00,0.125
685517,2026-09-26 18:15:00+00:00,0.125
685517,2026-09-26 18:00:00+00:00,0.125
685517,2026-09-26 17:45:00+00:00,0.126
685517,2026-09-26 17:30:00+00:00,0.126
685517,2026-09-26 17:15:00+00:00,0.126
685517,2026-09-26 17:00:00+00:00,0.126
685517,2026-09-26 16:45:00+00:00,0.126
685517,2026-09-26 16:30:00+00:00,0.126
685517,2026-09-26 16:15:00+00:00,0.126
685517,2026-09-26 16:00:00+00:00,0.126
685517,2026-09-26 15:45:00+00:00,0.127
685517,2026-09-26 15:30:00+00:00,0.127
685517,2026-09-26 15:15:00+00:00,0.127
685517,2026-09-26 15:00:00+00:00,0.127
685517,2026-09-26 14:45:00+00:00,0.127
685517,2026-09-26 14:30:00+00:00,0.127
685517,2026-09-26 14:15:00+00:00,0.128
685517,2026-09-26 14:00:00+00:00,0.128
685517,2026-09-26 13:45:00+00:00,0.128
685517,2026-09-26 13:30:00+00:00,0.128
685517,2026-09-26 13:15:00+00:00,0.128
685517,2026-09-26 13:00:00+00:00,0.128
685517,2026-09-26 12:45:00+00:00,0.128
685517,2026-09-26 12:30:00+00:00,0.127
685517,2026-09-26 12:15:00+00:00,0.127
685517,2026-09-26 12:00:00+00:00,0.128
685517,2026-09-26 11:45:00+00:00,0.128
685517,2026-09-26 11:30:00+00:00,0.127
685517,2026-09-26 11:15:00+00:00,0.128
685517,2026-09-26 11:00:00+00:00,0.128
685517,2026-09-26 10:45:00+00:00,0.127
685517,2026-09-26 10:30:00+00:00,0.127
685517,2026-09-26 10:15:00+00:00,0.128
685517,2026-09-26 10:00:00+00:00,0.128
685517,2026-09-26 09:45:00+00:00,0.128
685517,2026-09-26 09:30:00+00:00,0.128
685517,2026-09-26 09:15:00+00:00,0.128
685517,2026-09-26 09:00:00+00:00,0.128
685517,2026-09-26 08:45:00+00:00,0.128
685517,2026-09-26 08:30:00+00:00,0.128
E70139,2026-10-03 15:30:00+00:00,2.952
E70139,2026-10-03 15:00:00+00:00,2.887
E70139,2026-10-03 14:45:00+00:00,2.793
E70139,2026-10-03 14:30:00+00:00,2.676
E70139,2026-10-03 14:15:00+00:00,2.511
E70139,2026-10-03 14:00:00+00:00,2.304
E70139,2026-10-03 13:45:00+00:00,2.049
E70139,2026-10-03 13:30:00+00:00,1.755
E70139,2026-10-03 13:15:00+00:00,1.441
E70139,2026-10-03 13:00:00+00:00,1.086
E70139,2026-10-03 12:45:00+00:00,0.718
E70139,2026-10-03 12:30:00+00:00,0.344
E70139,2026-10-03 12:15:00+00:00,-0.04
E70139,2026-10-03 12:00:00+00:00,-0.417
E70139,2026-10-03 11:45:00+00:00,-0.761
E70139,2026-10-03 11:30:00+00:00,-1.1
E70139,2026-10-03 11:15:00+00:00,-1.398
E70139,2026-10-03 11:00:00+00:00,-1.638
E70139,2026-10-03 10:45:00+00:00,-1.849
E70139,2026-10-03 10:30:00+00:00,-2.02
E70139,2026-10-03 10:15:00+00:00,-2.16
E70139,2026-10-03 10:00:00+00:00,-2.264
E70139,2026-10-03 09:45:00+00:00,-2.306
E70139,2026-10-03 09:30:00+00:00,-2.31
E70139,2026-10-03 09:15:00+00:00,-2.282
E70139,2026-10-03 09:00:00+00:00,-2.18
E70139,2026-10-03 08:45:00+00:00,-2.042
E70139,2026-10-03 08:30:00+00:00,-1.878
E70139,2026-10-03 08:15:00+00:00,-1.692
E70139,2026-10-03 08:00:00+00:00,-1.496
E70139,2026-10-03 07:45:00+00:00,-1.286
E70139,2026-10-03 07:30:00+00:00,-1.053
E70139,2026-10-03 07:15:00+00:00,-0.815
E70139,2026-10-03 07:00:00+00:00,-0.557
E70139,2026-10-03 06:45:00+00:00,-0.299
E70139,2026-10-03 06:30:00+00:00,-0.014
E70139,2026-10-03 06:15:00+00:00,0.265
E70139,2026-10-03 06:00:00+00:00,0.553
E70139,2026-10-03 05:45:00+00:00,0.861
E70139,2026-10-03 05:30:00+00:00,1.173
E70139,2026-10-03 05:15:00+00:00,1.493
E70139,2026-10-03 05:00:00+00:00,1.816
E70139,2026-10-03 04:45:00+00:00,2.112
E70139,2026-10-03 04:30:00+00:00,2.408
E70139,2026-10-03 04:15:00+00:00,2.67
E70139,2026-10-03 04:00:00+00:00,2.891
E70139,2026-10-03 03:45:00+00:00,3.076
E70139,2026-10-03 03:30:00+00:00,3.199
E70139,2026-10-03 03:15:00+00:00,3.303
E70139,2026-10-03 03:00:00+00:00,3.334
E70139,2026-10-03 02:45:00+00:00,3.318
E70139,2026-10-03 02:30:00+00:00,3.276
E70139,2026-10-03 02:15:00+00:00,3.165
E70139,2026-10-03 02:00:00+00:00,3.037
E70139,2026-10-03 01:45:00+00:00,2.863
E70139,2026-10-03 01:30:00+00:00,2.617
E70139,2026-10-03 01:15:00+00:00,2.321
E70139,2026-10-03 01:00:00+00:00,2.005
E70139,2026-10-03 00:45:00+00:00,1.629
E70139,2026-10-03 00:30:00+00:00,1.236
E70139,2026-10-03 00:15:00+00:00,0.84
E70139,2026-10-02 23:45:00+00:00,0.002
E70139,2026-10-02 23:30:00+00:00,-0.394
E70139,2026-10-02 23:15:00+00:00,-0.787
E70139,2026-10-02 23:00:00+00:00,-1.05
E70139,2026-10-02 22:45:00+00:00,-1.391
E70139,2026-10-02 22:30:00+00:00,-1.658
E70139,2026-10-02 22:15:00+00:00,-1.872
E70139,2026-10-02 22:00:00+00:00,-2.057
E70139,2026-10-02 21:45:00+00:00,-2.168
E70139,2026-10-02 21:30:00+00:00,-2.24
E70139,2026-10-02 21:15:00+00:00,-2.291
E70139,2026-10-02 21:00:00+00:00,-2.29
E70139,2026-10-02 20:45:00+00:00,-2.227
E70139,2026-10-02 20:30:00+00:00,-2.114
E70139,2026-10-02 20:15:00+00:00,-1.972
E70139,2026-10-02 20:00:00+00:00,-1.812
E70139,2026-10-02 19:45:00+00:00,-1.629
E70139,2026-10-02 19:30:00+00:00,-1.422
E70139,2026-10-02 19:15:00+00:00,-1.21
E70139,2026-10-02 19:00:00+00:00,-0.971
E70139,2026-10-02 18:45:00+00:00,-0.726
E70139,2026-10-02 18:30:00+00:00,-0.463
E70139,2026-10-02 18:15:00+00:00,-0.166
E70139,2026-10-02 18:00:00+00:00,0.13
E70139,2026-10-02 17:45:00+00:00,0.439
E70139,2026-10-02 17:30:00+00:00,0.739
E70139,2026-10-02 17:15:00+00:00,1.037
E70139,2026-10-02 17:00:00+00:00,1.361
E70139,2026-10-02 16:45:00+00:00,1.673
E70139,2026-10-02 16:30:00+00:00,2.009
E70139,2026-10-02 16:15:00+00:00,2.328
E70139,2026-10-02 16:00:00+00:00,2.662
E70139,2026-10-02 15:45:00+00:00,2.944
E70139,2026-10-02 15:30:00+00:00,3.165
E70139,2026-10-02 15:15:00+00:00,3.36
E70139,2026-10-02 15:00:00+00:00,3.495
E70139,2026-10-02 14:45:00+00:00,3.573
E70139,2026-10-02 14:30:00+00:00,3.612
E70139,2026-10-02 14:15:00+00:00,3.608
E70139,2026-10-02 14:00:00+00:00,3.551
E70139,2026-10-02 13:45:00+00:00,3.456
E70139,2026-10-02 13:30:00+00:00,3.322
E70139,2026-10-02 13:15:00+00:00,3.138
E70139,2026-10-02 13:00:00+00:00,2.903
E70139,2026-10-02 12:45:00+00:00,2.634
E70139,2026-10-02 12:30:00+00:00,2.314
E70139,2026-10-02 12:15:00+00:00,1.936
E70139,2026-10-02 12:00:00+00:00,1.512
E70139,2026-10-02 11:45:00+00:00,1.063
E70139,2026-10-02 11:30:00+00:00,0.575
E70139,2026-10-02 11:15:00+00:00,0.097
E70139,2026-10-02 11:00:00+00:00,-0.376
E70139,2026-10-02 10:45:00+00:00,-0.832
E70139,2026-10-02 10:30:00+00:00,-1.244
E70139,2026-10-02 10:15:00+00:00,-1.618
E70139,2026-10-02 10:00:00+00:00,-1.932
E70139,2026-10-02 09:45:00+00:00,-2.208
E70139,2026-10-02 09:30:00+00:00,-2.413
E70139,2026-10-02 09:15:00+00:00,-2.557
E70139,2026-10-02 09:00:00+00:00,-2.647
E70139,2026-10-02 08:45:00+00:00,-2.689
E70139,2026-10-02 08:30:00+00:00,-2.662
E70139,2026-10-02 08:15:00+00:00,-2.583
E70139,2026-10-02 08:00:00+00:00,-2.463
E70139,2026-10-02 07:45:00+00:00,-2.311
E70139,2026-10-02 07:30:00+00:00,-2.14
E70139,2026-10-02 07:15:00+00:00,-1.904
E70139,2026-10-02 07:00:00+00:00,-1.668
E70139,2026-10-02 06:45:00+00:00,-1.402
E70139,2026-10-02 06:30:00+00:00,-1.135
E70139,2026-10-02 06:15:00+00:00,-0.85
E70139,2026-10-02 06:00:00+00:00,-0.508
E70139,2026-10-02 05:45:00+00:00,-0.176
E70139,2026-10-02 05:30:00+00:00,0.162
E70139,2026-10-02 05:15:00+00:00,0.514
E70139,2026-10-02 05:00:00+00:00,0.865
E70139,2026-10-02 04:45:00+00:00,1.22
E70139,2026-10-02 04:30:00+00:00,1.586
E70139,2026-10-02 04:15:00+00:00,1.976
E70139,2026-10-02 04:00:00+00:00,2.358
E70139,2026-10-02 03:45:00+00:00,2.713
E70139,2026-10-02 03:30:00+00:00,3.038
E70139,2026-10-02 03:15:00+00:00,3.305
E70139,2026-10-02 03:00:00+00:00,3.517
E70139,2026-10-02 02:45:00+00:00,3.681
E70139,2026-10-02 02:30:00+00:00,3.791
E70139,2026-10-02 02:15:00+00:00,3.865
E70139,2026-10-02 02:00:00+00:00,3.876
E70139,2026-10-02 01:45:00+00:00,3.826
E70139,2026-10-02 01:30:00+00:00,3.736
E70139,2026-10-02 01:15:00+00:00,3.59
E70139,2026-10-02 01:00:00+00:00,3.396
E70139,2026-10-02 00:45:00+00:00,3.139
E70139,2026-10-02 00:30:00+00:00,2.835
E70139,2026-10-02 00:15:00+00:00,2.477
E70139,2026-10-02 00:00:00+00:00,2.057
E70139,2026-10-01 23:45:00+00:00,1.621
E70139,2026-10-01 23:30:00+00:00,1.133
E70139,2026-10-01 23:15:00+00:00,0.618
E70139,2026-10-01 23:00:00+00:00,0.085
E70139,2026-10-01 22:45:00+00:00,-0.441
E70139,2026-10-01 22:30:00+00:00,-0.957
E70139,2026-10-01 22:15:00+00:00,-1.418
E70139,2026-10-01 22:00:00+00:00,-1.822
E70139,2026-10-01 21:45:00+00:00,-2.171
E70139,2026-10-01 21:30:00+00:00,-2.438
E70139,2026-10-01 21:15:00+00:00,-2.662
E70139,2026-10-01 21:00:00+00:00,-2.814
E70139,2026-10-01 20:45:00+00:00,-2.937
E70139,2026-10-01 20:30:00+00:00,-2.942
E70139,2026-10-01 20:15:00+00:00,-2.922
E70139,2026-10-01 20:00:00+00:00,-2.851
E70139,2026-10-01 19:45:00+00:00,-2.736
E70139,2026-10-01 19:30:00+00:00,-2.587
E70139,2026-10-01 19:15:00+00:00,-2.396
E70139,2026-10-01 19:00:00+00:00,-2.191
E70139,2026-10-01 18:45:00+00:00,-1.948
E70139,2026-10-01 18:30:00+00:00,-1.695
E70139,2026-10-01 18:15:00+00:00,-1.427
E70139,2026-10-01 18:00:00+00:00,-1.114
E70139,2026-10-01 17:45:00+00:00,-0.808
E70139,2026-10-01 17:30:00+00:00,-0.482
E70139,2026-10-01 17:15:00+00:00,-0.142
E70139,2026-10-01 17:00:00+00:00,0.208
E70139,2026-10-01 16:45:00+00:00,0.574
E70139,2026-10-01 16:30:00+00:00,0.942
E70139,2026-10-01 16:15:00+00:00,1.319
E70139,2026-10-01 16:00:00+00:00,1.7
E70139,2026-10-01 15:45:00+00:00,2.097
E70139,2026-10-01 15:30:00+00:00,2.489
E70139,2026-10-01 15:15:00+00:00,2.844
E70139,2026-10-01 15:00:00+00:00,3.186
E70139,2026-10-01 14:45:00+00:00,3.458
E70139,2026-10-01 14:30:00+00:00,3.673
E70139,2026-10-01 14:15:00+00:00,3.831
E70139,2026-10-01 14:00:00+00:00,3.943
E70139,2026-10-01 13:45:00+00:00,4.001
E70139,2026-10-01 13:30:00+00:00,4.003
E70139,2026-10-01 13:15:00+00:00,3.946
E70139,2026-10-01 13:00:00+00:00,3.841
E70139,2026-10-01 12:45:00+00:00,3.681
E70139,2026-10-01 12:30:00+00:00,3.465
E70139,2026-10-01 12:15:00+00:00,3.173
E70139,2026-10-01 11:45:00+00:00,2.497
E70139,2026-10-01 11:30:00+00:00,2.051
E70139,2026-10-01 11:15:00+00:00,1.576
E70139,2026-10-01 11:00:00+00:00,1.052
E70139,2026-10-01 10:45:00+00:00,0.496
E70139,2026-10-01 10:30:00+00:00,-0.064
E70139,2026-10-01 10:15:00+00:00,-0.62
E70139,2026-10-01 10:00:00+00:00,-1.135
E70139,2026-10-01 09:45:00+00:00,-1.612
E70139,2026-10-01 09:30:00+00:00,-2.022
E70139,2026-10-01 09:15:00+00:00,-2.379
E70139,2026-10-01 09:00:00+00:00,-2.672
E70139,2026-10-01 08:45:00+00:00,-2.874
E70139,2026-10-01 08:30:00+00:00,-3.007
E70139,2026-10-01 08:15:00+00:00,-3.07
E70139,2026-10-01 08:00:00+00:00,-3.069
E70139,2026-10-01 07:45:00+00:00,-3.011
E70139,2026-10-01 07:30:00+00:00,-2.894
E70139,2026-10-01 07:15:00+00:00,-2.732
E70139,2026-10-01 07:00:00+00:00,-2.557
E70139,2026-10-01 06:45:00+00:00,-2.327
E70139,2026-10-01 06:30:00+00:00,-2.084
E70139,2026-10-01 06:15:00+00:00,-1.82
E70139,2026-10-01 06:00:00+00:00,-1.526
E70139,2026-10-01 05:45:00+00:00,-1.228
E70139,2026-10-01 05:30:00+00:00,-0.892
E70139,2026-10-01 05:15:00+00:00,-0.531
E70139,2026-10-01 05:00:00+00:00,-0.17
E70139,2026-10-01 04:45:00+00:00,0.212
E70139,2026-10-01 04:30:00+00:00,0.607
E70139,2026-10-01 04:15:00+00:00,1.003
E70139,2026-10-01 04:00:00+00:00,1.394
E70139,2026-10-01 03:45:00+00:00,1.801
E70139,2026-10-01 03:30:00+00:00,2.209
E70139,2026-10-01 03:15:00+00:00,2.639
E70139,2026-10-01 03:00:00+00:00,3.039
E70139,2026-10-01 02:45:00+00:00,3.411
E70139,2026-10-01 02:30:00+00:00,3.734
E70139,2026-10-01 02:15:00+00:00,3.993
E70139,2026-10-01 02:00:00+00:00,4.196
E70139,2026-10-01 01:45:00+00:00,4.338
E70139,2026-10-01 01:30:00+00:00,4.407
E70139,2026-10-01 01:15:00+00:00,4.424
E70139,2026-10-01 01:00:00+00:00,4.39
E70139,2026-10-01 00:45:00+00:00,4.281
E70139,2026-10-01 00:30:00+00:00,4.112
E70139,2026-10-01 00:15:00+00:00,3.888
E70139,2026-10-01 00:00:00+00:00,3.612
E70139,2026-09-30 23:45:00+00:00,3.279
E70139,2026-09-30 23:30:00+00:00,2.884
E70139,2026-09-30 23:15:00+00:00,2.438
E70139,2026-09-30 23:00:00+00:00,1.929
E70139,2026-09-30 22:45:00+00:00,1.404
E70139,2026-09-30 22:30:00+00:00,0.801
E70139,2026-09-30 22:15:00+00:00,0.196
E70139,2026-09-30 22:00:00+00:00,-0.388
E70139,2026-09-30 21:45:00+00:00,-0.976
E70139,2026-09-30 21:30:00+00:00,-1.53
E70139,2026-09-30 21:15:00+00:00,-1.997
E70139,2026-09-30 21:00:00+00:00,-2.395
E70139,2026-09-30 20:45:00+00:00,-2.727
E70139,2026-09-30 20:30:00+00:00,-2.95
E70139,2026-09-30 20:15:00+00:00,-3.092
E70139,2026-09-30 19:45:00+00:00,-3.158
E70139,2026-09-30 19:30:00+00:00,-3.105
E70139,2026-09-30 19:15:00+00:00,-2.988
E70139,2026-09-30 19:00:00+00:00,-2.835
E70139,2026-09-30 18:45:00+00:00,-2.634
E70139,2026-09-30 18:30:00+00:00,-2.404
E70139,2026-09-30 18:15:00+00:00,-2.148
E70139,2026-09-30 18:00:00+00:00,-1.878
E70139,2026-09-30 17:45:00+00:00,-1.586
E70139,2026-09-30 17:30:00+00:00,-1.274
E70139,2026-09-30 17:15:00+00:00,-0.951
E70139,2026-09-30 17:00:00+00:00,-0.61
E70139,2026-09-30 16:45:00+00:00,-0.229
E70139,2026-09-30 16:30:00+00:00,0.155
E70139,2026-09-30 16:15:00+00:00,0.556
E70139,2026-09-30 16:00:00+00:00,0.972
E70139,2026-09-30 15:45:00+00:00,1.393
E70139,2026-09-30 15:30:00+00:00,1.82
E70139,2026-09-30 15:15:00+00:00,2.237
E70139,2026-09-30 15:00:00+00:00,2.674
E70139,2026-09-30 14:45:00+00:00,3.083
E70139,2026-09-30 14:30:00+00:00,3.459
E70139,2026-09-30 14:15:00+00:00,3.823
E70139,2026-09-30 14:00:00+00:00,4.153
E70139,2026-09-30 13:45:00+00:00,4.372
E70139,2026-09-30 13:30:00+00:00,4.543
E70139,2026-09-30 13:15:00+00:00,4.661
E70139,2026-09-30 13:00:00+00:00,4.732
E70139,2026-09-30 12:45:00+00:00,4.731
E70139,2026-09-30 12:30:00+00:00,4.653
E70139,2026-09-30 12:15:00+00:00,4.503
E70139,2026-09-30 12:00:00+00:00,4.3
E70139,2026-09-30 11:45:00+00:00,4.052
E70139,2026-09-30 11:30:00+00:00,3.734
E70139,2026-09-30 11:15:00+00:00,3.338
E70139,2026-09-30 11:00:00+00:00,2.908
E70139,2026-09-30 10:45:00+00:00,2.429
E70139,2026-09-30 10:30:00+00:00,1.899
E70139,2026-09-30 10:15:00+00:00,1.305
E70139,2026-09-30 10:00:00+00:00,0.665
E70139,2026-09-30 09:45:00+00:00,0.025
E70139,2026-09-30 09:30:00+00:00,-0.604
E70139,2026-09-30 09:15:00+00:00,-1.227
E70139,2026-09-30 09:00:00+00:00,-1.8
E70139,2026-09-30 08:45:00+00:00,-2.267
E70139,2026-09-30 08:30:00+00:00,-2.622
E70139,2026-09-30 08:15:00+00:00,-2.904
E70139,2026-09-30 08:00:00+00:00,-3.091
E70139,2026-09-30 07:45:00+00:00,-3.169
E70139,2026-09-30 07:30:00+00:00,-3.195
E70139,2026-09-30 07:15:00+00:00,-3.187
E70139,2026-09-30 07:00:00+00:00,-3.078
E70139,2026-09-30 06:45:00+00:00,-2.95
E70139,2026-09-30 06:30:00+00:00,-2.763
E70139,2026-09-30 06:15:00+00:00,-2.543
E70139,2026-09-30 06:00:00+00:00,-2.296
E70139,2026-09-30 05:45:00+00:00,-2.008
E70139,2026-09-30 05:30:00+00:00,-1.707
E70139,2026-09-30 05:15:00+00:00,-1.37
E70139,2026-09-30 05:00:00+00:00,-1.006
E70139,2026-09-30 04:45:00+00:00,-0.656
E70139,2026-09-30 04:30:00+00:00,-0.342
E70139,2026-09-30 04:15:00+00:00,0.027
E70139,2026-09-30 04:00:00+00:00,0.447
E70139,2026-09-30 03:45:00+00:00,0.874
E70139,2026-09-30 03:30:00+00:00,1.308
E70139,2026-09-30 03:15:00+00:00,1.756
E70139,2026-09-30 03:00:00+00:00,2.194
E70139,2026-09-30 02:45:00+00:00,2.642
E70139,2026-09-30 02:30:00+00:00,3.09
E70139,2026-09-30 02:15:00+00:00,3.505
E70139,2026-09-30 02:00:00+00:00,3.889
E70139,2026-09-30 01:45:00+00:00,4.225
E70139,2026-09-30 01:30:00+00:00,4.499
E70139,2026-09-30 01:15:00+00:00,4.717
E70139,2026-09-30 01:00:00+00:00,4.882
E70139,2026-09-30 00:45:00+00:00,4.976
E70139,2026-09-30 00:30:00+00:00,4.992
E70139,2026-09-30 00:15:00+00:00,4.934
E70139,2026-09-30 00:00:00+00:00,4.813
E70139,2026-09-29 23:45:00+00:00,4.643
E70139,2026-09-29 23:30:00+00:00,4.409
E70139,2026-09-29 23:15:00+00:00,4.109
E70139,2026-09-29 23:00:00+00:00,3.757
E70139,2026-09-29 22:45:00+00:00,3.32
E70139,2026-09-29 22:30:00+00:00,2.841
E70139,2026-09-29 22:15:00+00:00,2.314
E70139,2026-09-29 22:00:00+00:00,1.735
E70139,2026-09-29 21:45:00+00:00,1.087
E70139,2026-09-29 21:30:00+00:00,0.44
E70139,2026-09-29 21:15:00+00:00,-0.243
E70139,2026-09-29 21:00:00+00:00,-0.928
E70139,2026-09-29 20:45:00+00:00,-1.544
E70139,2026-09-29 20:30:00+00:00,-2.076
E70139,2026-09-29 20:15:00+00:00,-2.551
E70139,2026-09-29 20:00:00+00:00,-2.93
E70139,2026-09-29 19:45:00+00:00,-3.2
E70139,2026-09-29 19:30:00+00:00,-3.364
E70139,2026-09-29 19:15:00+00:00,-3.435
E70139,2026-09-29 19:00:00+00:00,-3.428
E70139,2026-09-29 18:45:00+00:00,-3.366
E70139,2026-09-29 18:30:00+00:00,-3.245
E70139,2026-09-29 18:15:00+00:00,-3.074
E70139,2026-09-29 18:00:00+00:00,-2.87
E70139,2026-09-29 17:45:00+00:00,-2.64
E70139,2026-09-29 17:30:00+00:00,-2.4
E70139,2026-09-29 17:15:00+00:00,-2.102
E70139,2026-09-29 17:00:00+00:00,-1.77
E70139,2026-09-29 16:45:00+00:00,-1.446
E70139,2026-09-29 16:30:00+00:00,-1.115
E70139,2026-09-29 16:15:00+00:00,-0.739
E70139,2026-09-29 16:00:00+00:00,-0.357
E70139,2026-09-29 15:45:00+00:00,0.056
E70139,2026-09-29 15:30:00+00:00,0.468
E70139,2026-09-29 15:15:00+00:00,0.9
E70139,2026-09-29 15:00:00+00:00,1.321
E70139,2026-09-29 14:45:00+00:00,1.733
E70139,2026-09-29 14:30:00+00:00,2.192
E70139,2026-09-29 14:15:00+00:00,2.638
E70139,2026-09-29 14:00:00+00:00,3.057
E70139,2026-09-29 13:45:00+00:00,3.447
E70139,2026-09-29 13:30:00+00:00,3.785
E70139,2026-09-29 13:15:00+00:00,4.057
E70139,2026-09-29 13:00:00+00:00,4.266
E70139,2026-09-29 12:45:00+00:00,4.412
E70139,2026-09-29 12:30:00+00:00,4.494
E70139,2026-09-29 12:15:00+00:00,4.507
E70139,2026-09-29 12:00:00+00:00,4.442
E70139,2026-09-29 11:45:00+00:00,4.322
E70139,2026-09-29 11:30:00+00:00,4.141
E70139,2026-09-29 11:15:00+00:00,3.905
E70139,2026-09-29 11:00:00+00:00,3.582
E70139,2026-09-29 10:45:00+00:00,3.187
E70139,2026-09-29 10:30:00+00:00,2.737
E70139,2026-09-29 10:15:00+00:00,2.239
E70139,2026-09-29 10:00:00+00:00,1.707
E70139,2026-09-29 09:45:00+00:00,1.089
E70139,2026-09-29 09:30:00+00:00,0.445
E70139,2026-09-29 09:15:00+00:00,-0.221
E70139,2026-09-29 09:00:00+00:00,-0.891
E70139,2026-09-29 08:45:00+00:00,-1.544
E70139,2026-09-29 08:30:00+00:00,-2.163
E70139,2026-09-29 08:15:00+00:00,-2.708
E70139,2026-09-29 08:00:00+00:00,-3.162
E70139,2026-09-29 07:45:00+00:00,-3.464
E70139,2026-09-29 07:30:00+00:00,-3.684
E70139,2026-09-29 07:15:00+00:00,-3.803
E70139,2026-09-29 07:00:00+00:00,-3.846
E70139,2026-09-29 06:45:00+00:00,-3.79
E70139,2026-09-29 06:30:00+00:00,-3.704
E70139,2026-09-29 06:15:00+00:00,-3.536
E70139,2026-09-29 06:00:00+00:00,-3.346
E70139,2026-09-29 05:45:00+00:00,-3.121
E70139,2026-09-29 05:30:00+00:00,-2.872
E70139,2026-09-29 05:15:00+00:00,-2.583
E70139,2026-09-29 05:00:00+00:00,-2.275
E70139,2026-09-29 04:45:00+00:00,-1.945
E70139,2026-09-29 04:30:00+00:00,-1.606
E70139,2026-09-29 04:15:00+00:00,-1.244
E70139,2026-09-29 04:00:00+00:00,-0.865
E70139,2026-09-29 03:45:00+00:00,-0.45
E70139,2026-09-29 03:30:00+00:00,-0.021
E70139,2026-09-29 03:15:00+00:00,0.419
E70139,2026-09-29 03:00:00+00:00,0.878
E70139,2026-09-29 02:45:00+00:00,1.335
E70139,2026-09-29 02:30:00+00:00,1.79
E70139,2026-09-29 02:15:00+00:00,2.261
E70139,2026-09-29 02:00:00+00:00,2.748
E70139,2026-09-29 01:45:00+00:00,3.191
E70139,2026-09-29 01:30:00+00:00,3.62
E70139,2026-09-29 01:15:00+00:00,4.003
E70139,2026-09-29 01:00:00+00:00,4.321
E70139,2026-09-29 00:45:00+00:00,4.563
E70139,2026-09-29 00:30:00+00:00,4.746
E70139,2026-09-29 00:15:00+00:00,4.851
E70139,2026-09-29 00:00:00+00:00,4.879
E70139,2026-09-28 23:45:00+00:00,4.829
E70139,2026-09-28 23:30:00+00:00,4.719
E70139,2026-09-28 23:15:00+00:00,4.554
E70139,2026-09-28 23:00:00+00:00,4.32
E70139,2026-09-28 22:45:00+00:00,4.029
E70139,2026-09-28 22:30:00+00:00,3.668
E70139,2026-09-28 22:15:00+00:00,3.237
E70139,2026-09-28 22:00:00+00:00,2.759
E70139,2026-09-28 21:45:00+00:00,2.21
E70139,2026-09-28 21:30:00+00:00,1.617
E70139,2026-09-28 21:15:00+00:00,0.944
E70139,2026-09-28 21:00:00+00:00,0.251
E70139,2026-09-28 20:45:00+00:00,-0.459
E70139,2026-09-28 20:30:00+00:00,-1.129
E70139,2026-09-28 20:15:00+00:00,-1.746
E70139,2026-09-28 20:00:00+00:00,-2.35
E70139,2026-09-28 19:45:00+00:00,-2.84
E70139,2026-09-28 19:30:00+00:00,-3.227
E70139,2026-09-28 19:15:00+00:00,-3.508
E70139,2026-09-28 19:00:00+00:00,-3.686
E70139,2026-09-28 18:45:00+00:00,-3.752
E70139,2026-09-28 18:30:00+00:00,-3.781
E70139,2026-09-28 18:15:00+00:00,-3.691
E70139,2026-09-28 18:00:00+00:00,-3.555
E70139,2026-09-28 17:45:00+00:00,-3.375
E70139,2026-09-28 17:30:00+00:00,-3.163
E70139,2026-09-28 17:15:00+00:00,-2.93
E70139,2026-09-28 17:00:00+00:00,-2.648
E70139,2026-09-28 16:45:00+00:00,-2.372
E70139,2026-09-28 16:30:00+00:00,-2.063
E70139,2026-09-28 16:15:00+00:00,-1.716
E70139,2026-09-28 16:00:00+00:00,-1.354
E70139,2026-09-28 15:45:00+00:00,-0.996
E70139,2026-09-28 15:30:00+00:00,-0.595
E70139,2026-09-28 15:15:00+00:00,-0.19
E70139,2026-09-28 15:00:00+00:00,0.233
E70139,2026-09-28 14:45:00+00:00,0.662
E70139,2026-09-28 14:30:00+00:00,1.106
E70139,2026-09-28 14:15:00+00:00,1.557
E70139,2026-09-28 14:00:00+00:00,2.006
E70139,2026-09-28 13:45:00+00:00,2.457
E70139,2026-09-28 13:30:00+00:00,2.9
E70139,2026-09-28 13:15:00+00:00,3.301
E70139,2026-09-28 13:00:00+00:00,3.674
E70139,2026-09-28 12:45:00+00:00,3.975
E70139,2026-09-28 12:30:00+00:00,4.217
E70139,2026-09-28 12:15:00+00:00,4.391
E70139,2026-09-28 12:00:00+00:00,4.497
E70139,2026-09-28 11:45:00+00:00,4.521
E70139,2026-09-28 11:30:00+00:00,4.491
E70139,2026-09-28 11:15:00+00:00,4.392
E70139,2026-09-28 11:00:00+00:00,4.238
E70139,2026-09-28 10:45:00+00:00,4.023
E70139,2026-09-28 10:30:00+00:00,3.744
E70139,2026-09-28 10:15:00+00:00,3.394
E70139,2026-09-28 10:00:00+00:00,2.98
E70139,2026-09-28 09:45:00+00:00,2.508
E70139,2026-09-28 09:30:00+00:00,1.995
E70139,2026-09-28 09:15:00+00:00,1.41
E70139,2026-09-28 09:00:00+00:00,0.764
E70139,2026-09-28 08:45:00+00:00,0.096
E70139,2026-09-28 08:30:00+00:00,-0.578
E70139,2026-09-28 08:15:00+00:00,-1.246
E70139,2026-09-28 08:00:00+00:00,-1.879
E70139,2026-09-28 07:45:00+00:00,-2.449
E70139,2026-09-28 07:30:00+00:00,-2.932
E70139,2026-09-28 07:15:00+00:00,-3.333
E70139,2026-09-28 07:00:00+00:00,-3.559
E70139,2026-09-28 06:45:00+00:00,-3.731
E70139,2026-09-28 06:30:00+00:00,-3.764
E70139,2026-09-28 06:15:00+00:00,-3.738
E70139,2026-09-28 06:00:00+00:00,-3.655
E70139,2026-09-28 05:45:00+00:00,-3.534
E70139,2026-09-28 05:30:00+00:00,-3.33
E70139,2026-09-28 05:15:00+00:00,-3.115
E70139,2026-09-28 05:00:00+00:00,-2.87
E70139,2026-09-28 04:45:00+00:00,-2.602
E70139,2026-09-28 04:30:00+00:00,-2.312
E70139,2026-09-28 04:15:00+00:00,-2.0
E70139,2026-09-28 04:00:00+00:00,-1.656
E70139,2026-09-28 03:45:00+00:00,-1.312
E70139,2026-09-28 03:30:00+00:00,-0.947
E70139,2026-09-28 03:15:00+00:00,-0.556
E70139,2026-09-28 03:00:00+00:00,-0.134
E70139,2026-09-28 02:45:00+00:00,0.298
E70139,2026-09-28 02:30:00+00:00,0.748
E70139,2026-09-28 02:15:00+00:00,1.213
E70139,2026-09-28 02:00:00+00:00,1.67
E70139,2026-09-28 01:45:00+00:00,2.134
E70139,2026-09-28 01:30:00+00:00,2.613
E70139,2026-09-28 01:15:00+00:00,3.093
E70139,2026-09-28 01:00:00+00:00,3.508
E70139,2026-09-28 00:45:00+00:00,3.904
E70139,2026-09-28 00:30:00+00:00,4.221
E70139,2026-09-28 00:15:00+00:00,4.488
E70139,2026-09-28 00:00:00+00:00,4.689
E70139,2026-09-27 23:45:00+00:00,4.822
E70139,2026-09-27 23:30:00+00:00,4.869
E70139,2026-09-27 23:15:00+00:00,4.856
E70139,2026-09-27 23:00:00+00:00,4.761
E70139,2026-09-27 22:45:00+00:00,4.606
E70139,2026-09-27 22:30:00+00:00,4.389
E70139,2026-09-27 22:15:00+00:00,4.093
E70139,2026-09-27 22:00:00+00:00,3.749
E70139,2026-09-27 21:45:00+00:00,3.345
E70139,2026-09-27 21:30:00+00:00,2.876
E70139,2026-09-27 21:15:00+00:00,2.374
E70139,2026-09-27 21:00:00+00:00,1.832
E70139,2026-09-27 20:45:00+00:00,1.194
E70139,2026-09-27 20:30:00+00:00,0.526
E70139,2026-09-27 20:15:00+00:00,-0.139
E70139,2026-09-27 20:00:00+00:00,-0.78
E70139,2026-09-27 19:45:00+00:00,-1.4
E70139,2026-09-27 19:30:00+00:00,-1.944
E70139,2026-09-27 19:15:00+00:00,-2.407
E70139,2026-09-27 19:00:00+00:00,-2.797
E70139,2026-09-27 18:45:00+00:00,-3.076
E70139,2026-09-27 18:30:00+00:00,-3.278
E70139,2026-09-27 18:15:00+00:00,-3.315
E70139,2026-09-27 18:00:00+00:00,-3.314
E70139,2026-09-27 17:45:00+00:00,-3.236
E70139,2026-09-27 17:30:00+00:00,-3.124
E70139,2026-09-27 17:15:00+00:00,-2.97
E70139,2026-09-27 17:00:00+00:00,-2.744
E70139,2026-09-27 16:45:00+00:00,-2.483
E70139,2026-09-27 16:30:00+00:00,-2.232
E70139,2026-09-27 16:15:00+00:00,-1.917
E70139,2026-09-27 16:00:00+00:00,-1.594
E70139,2026-09-27 15:45:00+00:00,-1.278
E70139,2026-09-27 15:30:00+00:00,-0.888
E70139,2026-09-27 15:15:00+00:00,-0.517
E70139,2026-09-27 15:00:00+00:00,-0.118
E70139,2026-09-27 14:45:00+00:00,0.285
E70139,2026-09-27 14:30:00+00:00,0.67
E70139,2026-09-27 14:15:00+00:00,1.047
E70139,2026-09-27 14:00:00+00:00,1.463
E70139,2026-09-27 13:45:00+00:00,1.898
E70139,2026-09-27 13:30:00+00:00,2.342
E70139,2026-09-27 13:15:00+00:00,2.776
E70139,2026-09-27 13:00:00+00:00,3.184
E70139,2026-09-27 12:45:00+00:00,3.573
E70139,2026-09-27 12:30:00+00:00,3.92
E70139,2026-09-27 12:15:00+00:00,4.172
E70139,2026-09-27 12:00:00+00:00,4.352
E70139,2026-09-27 11:45:00+00:00,4.477
E70139,2026-09-27 11:30:00+00:00,4.568
E70139,2026-09-27 11:15:00+00:00,4.608
E70139,2026-09-27 11:00:00+00:00,4.577
E70139,2026-09-27 10:45:00+00:00,4.48
E70139,2026-09-27 10:30:00+00:00,4.314
E70139,2026-09-27 10:15:00+00:00,4.098
E70139,2026-09-27 10:00:00+00:00,3.818
E70139,2026-09-27 09:45:00+00:00,3.508
E70139,2026-09-27 09:30:00+00:00,3.097
E70139,2026-09-27 09:15:00+00:00,2.644
E70139,2026-09-27 09:00:00+00:00,2.135
E70139,2026-09-27 08:45:00+00:00,1.573
E70139,2026-09-27 08:30:00+00:00,0.943
E70139,2026-09-27 08:15:00+00:00,0.29
E70139,2026-09-27 08:00:00+00:00,-0.371
E70139,2026-09-27 07:45:00+00:00,-1.011
E70139,2026-09-27 07:30:00+00:00,-1.622
E70139,2026-09-27 07:15:00+00:00,-2.181
E70139,2026-09-27 07:00:00+00:00,-2.664
E70139,2026-09-27 06:45:00+00:00,-3.059
E70139,2026-09-27 06:30:00+00:00,-3.364
E70139,2026-09-27 06:15:00+00:00,-3.529
E70139,2026-09-27 06:00:00+00:00,-3.621
E70139,2026-09-27 05:45:00+00:00,-3.636
E70139,2026-09-27 05:30:00+00:00,-3.566
E70139,2026-09-27 05:15:00+00:00,-3.451
E70139,2026-09-27 05:00:00+00:00,-3.288
E70139,2026-09-27 04:45:00+00:00,-3.092
E70139,2026-09-27 04:30:00+00:00,-2.868
E70139,2026-09-27 04:15:00+00:00,-2.616
E70139,2026-09-27 04:00:00+00:00,-2.337
E70139,2026-09-27 03:45:00+00:00,-2.034
E70139,2026-09-27 03:30:00+00:00,-1.712
E70139,2026-09-27 03:15:00+00:00,-1.372
E70139,2026-09-27 03:00:00+00:00,-1.016
E70139,2026-09-27 02:45:00+00:00,-0.633
E70139,2026-09-27 02:30:00+00:00,-0.229
E70139,2026-09-27 02:15:00+00:00,0.197
E70139,2026-09-27 02:00:00+00:00,0.628
E70139,2026-09-27 01:45:00+00:00,1.069
E70139,2026-09-27 01:30:00+00:00,1.511
E70139,2026-09-27 01:15:00+00:00,1.958
E70139,2026-09-27 01:00:00+00:00,2.411
E70139,2026-09-27 00:45:00+00:00,2.863
E70139,2026-09-27 00:30:00+00:00,3.283
E70139,2026-09-27 00:15:00+00:00,3.674
E70139,2026-09-27 00:00:00+00:00,4.006
E70139,2026-09-26 23:45:00+00:00,4.268
E70139,2026-09-26 23:30:00+00:00,4.466
E70139,2026-09-26 23:15:00+00:00,4.599
E70139,2026-09-26 23:00:00+00:00,4.661
E70139,2026-09-26 22:45:00+00:00,4.661
E70139,2026-09-26 22:30:00+00:00,4.59
E70139,2026-09-26 22:15:00+00:00,4.456
E70139,2026-09-26 22:00:00+00:00,4.258
E70139,2026-09-26 21:45:00+00:00,4.015
E70139,2026-09-26 21:30:00+00:00,3.706
E70139,2026-09-26 21:15:00+00:00,3.334
E70139,2026-09-26 21:00:00+00:00,2.905
E70139,2026-09-26 20:45:00+00:00,2.425
E70139,2026-09-26 20:30:00+00:00,1.901
E70139,2026-09-26 20:15:00+00:00,1.318
E70139,2026-09-26 20:00:00+00:00,0.696
E70139,2026-09-26 19:45:00+00:00,0.069
E70139,2026-09-26 19:30:00+00:00,-0.562
E70139,2026-09-26 19:15:00+00:00,-1.154
E70139,2026-09-26 19:00:00+00:00,-1.702
E70139,2026-09-26 18:45:00+00:00,-2.182
E70139,2026-09-26 18:30:00+00:00,-2.591
E70139,2026-09-26 18:15:00+00:00,-2.908
E70139,2026-09-26 18:00:00+00:00,-3.127
E70139,2026-09-26 17:45:00+00:00,-3.264
E70139,2026-09-26 17:30:00+00:00,-3.314
E70139,2026-09-26 17:15:00+00:00,-3.336
E70139,2026-09-26 17:00:00+00:00,-3.267
E70139,2026-09-26 16:45:00+00:00,-3.148
E70139,2026-09-26 16:30:00+00:00,-2.947
E70139,2026-09-26 16:15:00+00:00,-2.742
E70139,2026-09-26 16:00:00+00:00,-2.522
E70139,2026-09-26 15:45:00+00:00,-2.25
E70139,2026-09-26 15:30:00+00:00,-1.952
E70139,2026-09-26 15:15:00+00:00,-1.644
E70139,2026-09-26 15:00:00+00:00,-1.319
E70139,2026-09-26 14:45:00+00:00,-0.976
E70139,2026-09-26 14:30:00+00:00,-0.621
E70139,2026-09-26 14:15:00+00:00,-0.239
E70139,2026-09-26 14:00:00+00:00,0.166
E70139,2026-09-26 13:45:00+00:00,0.569
E70139,2026-09-26 13:30:00+00:00,0.985
E70139,2026-09-26 13:15:00+00:00,1.393
E70139,2026-09-26 13:00:00+00:00,1.808
E70139,2026-09-26 12:45:00+00:00,2.239
E70139,2026-09-26 12:30:00+00:00,2.654
E70139,2026-09-26 12:15:00+00:00,3.051
E70139,2026-09-26 12:00:00+00:00,3.397
E70139,2026-09-26 11:45:00+00:00,3.667
E70139,2026-09-26 11:30:00+00:00,3.875
E70139,2026-09-26 11:15:00+00:00,4.018
E70139,2026-09-26 11:00:00+00:00,4.144
E70139,2026-09-26 10:45:00+00:00,4.175
E70139,2026-09-26 10:30:00+00:00,4.176
E70139,2026-09-26 10:15:00+00:00,4.089
E70139,2026-09-26 10:00:00+00:00,3.946
E70139,2026-09-26 09:45:00+00:00,3.764
E70139,2026-09-26 09:30:00+00:00,3.526
E70139,2026-09-26 09:15:00+00:00,3.227
E70139,2026-09-26 09:00:00+00:00,2.866
E70139,2026-09-26 08:45:00+00:00,2.456
E70139,2026-09-26 08:30:00+00:00,1.993
E70139,2026-09-26 08:15:00+00:00,1.498
E70139,2026-09-26 08:00:00+00:00,0.944
E70139,2026-09-26 07:45:00+00:00,0.353
E70124,2026-10-03 15:00:00+00:00,7.817
E70124,2026-10-03 14:45:00+00:00,7.723
E70124,2026-10-03 14:30:00+00:00,7.606
E70124,2026-10-03 14:15:00+00:00,7.441
E70124,2026-10-03 14:00:00+00:00,7.234
E70124,2026-10-03 13:45:00+00:00,6.979
E70124,2026-10-03 13:30:00+00:00,6.685
E70124,2026-10-03 13:15:00+00:00,6.371
E70124,2026-10-03 13:00:00+00:00,6.016
E70124,2026-10-03 12:45:00+00:00,5.648
E70124,2026-10-03 12:30:00+00:00,5.274
E70124,2026-10-03 12:15:00+00:00,4.89
E70124,2026-10-03 12:00:00+00:00,4.513
E70124,2026-10-03 11:45:00+00:00,4.169
E70124,2026-10-03 11:30:00+00:00,3.83
E70124,2026-10-03 11:15:00+00:00,3.532
E70124,2026-10-03 11:00:00+00:00,3.292
E70124,2026-10-03 10:45:00+00:00,3.081
E70124,2026-10-03 10:30:00+00:00,2.91
E70124,2026-10-03 10:15:00+00:00,2.77
E70124,2026-10-03 10:00:00+00:00,2.666
E70124,2026-10-03 09:45:00+00:00,2.624
E70124,2026-10-03 09:30:00+00:00,2.62
E70124,2026-10-03 09:15:00+00:00,2.648
E70124,2026-10-03 09:00:00+00:00,2.75
E70124,2026-10-03 08:45:00+00:00,2.888
E70124,2026-10-03 08:30:00+00:00,3.052
E70124,2026-10-03 08:15:00+00:00,3.238
E70124,2026-10-03 08:00:00+00:00,3.434
E70124,2026-10-03 07:45:00+00:00,3.644
E70124,2026-10-03 07:30:00+00:00,3.877
E70124,2026-10-03 07:15:00+00:00,4.115
E70124,2026-10-03 07:00:00+00:00,4.373
E70124,2026-10-03 06:45:00+00:00,4.631
E70124,2026-10-03 06:30:00+00:00,4.916
E70124,2026-10-03 06:15:00+00:00,5.195
E70124,2026-10-03 06:00:00+00:00,5.483
E70124,2026-10-03 05:45:00+00:00,5.791
E70124,2026-10-03 05:30:00+00:00,6.103
E70124,2026-10-03 05:15:00+00:00,6.423
E70124,2026-10-03 05:00:00+00:00,6.746
E70124,2026-10-03 04:45:00+00:00,7.042
E70124,2026-10-03 04:30:00+00:00,7.338
E70124,2026-10-03 04:15:00+00:00,7.6
E70124,2026-10-03 04:00:00+00:00,7.821
E70124,2026-10-03 03:45:00+00:00,8.006
E70124,2026-10-03 03:30:00+00:00,8.129
E70124,2026-10-03 03:15:00+00:00,8.233
E70124,2026-10-03 03:00:00+00:00,8.264
E70124,2026-10-03 02:45:00+00:00,8.248
E70124,2026-10-03 02:30:00+00:00,8.206
E70124,2026-10-03 02:15:00+00:00,8.095
E70124,2026-10-03 02:00:00+00:00,7.967
E70124,2026-10-03 01:45:00+00:00,7.793
E70124,2026-10-03 01:30:00+00:00,7.547
E70124,2026-10-03 01:15:00+00:00,7.251
E70124,2026-10-03 01:00:00+00:00,6.935
E70124,2026-10-03 00:45:00+00:00,6.559
E70124,2026-10-03 00:30:00+00:00,6.166
E70124,2026-10-03 00:15:00+00:00,5.77
E70124,2026-10-02 23:45:00+00:00,4.932
E70124,2026-10-02 23:30:00+00:00,4.536
E70124,2026-10-02 23:15:00+00:00,4.143
E70124,2026-10-02 23:00:00+00:00,3.88
E70124,2026-10-02 22:45:00+00:00,3.539
E70124,2026-10-02 22:30:00+00:00,3.272
E70124,2026-10-02 22:15:00+00:00,3.058
E70124,2026-10-02 22:00:00+00:00,2.873
E70124,2026-10-02 21:45:00+00:00,2.762
E70124,2026-10-02 21:30:00+00:00,2.69
E70124,2026-10-02 21:15:00+00:00,2.639
E70124,2026-10-02 21:00:00+00:00,2.64
E70124,2026-10-02 20:45:00+00:00,2.703
E70124,2026-10-02 20:30:00+00:00,2.816
E70124,2026-10-02 20:15:00+00:00,2.958
E70124,2026-10-02 20:00:00+00:00,3.118
E70124,2026-10-02 19:45:00+00:00,3.301
E70124,2026-10-02 19:30:00+00:00,3.508
E70124,2026-10-02 19:15:00+00:00,3.72
E70124,2026-10-02 19:00:00+00:00,3.959
E70124,2026-10-02 18:45:00+00:00,4.204
E70124,2026-10-02 18:30:00+00:00,4.467
E70124,2026-10-02 18:15:00+00:00,4.764
E70124,2026-10-02 18:00:00+00:00,5.06
E70124,2026-10-02 17:45:00+00:00,5.369
E70124,2026-10-02 17:30:00+00:00,5.669
E70124,2026-10-02 17:15:00+00:00,5.967
E70124,2026-10-02 17:00:00+00:00,6.291
E70124,2026-10-02 16:45:00+00:00,6.603
E70124,2026-10-02 16:30:00+00:00,6.939
E70124,2026-10-02 16:15:00+00:00,7.258
E70124,2026-10-02 16:00:00+00:00,7.592
E70124,2026-10-02 15:45:00+00:00,7.874
E70124,2026-10-02 15:30:00+00:00,8.095
E70124,2026-10-02 15:15:00+00:00,8.29
E70124,2026-10-02 15:00:00+00:00,8.425
E70124,2026-10-02 14:45:00+00:00,8.503
E70124,2026-10-02 14:30:00+00:00,8.542
E70124,2026-10-02 14:15:00+00:00,8.538
E70124,2026-10-02 14:00:00+00:00,8.481
E70124,2026-10-02 13:45:00+00:00,8.386
E70124,2026-10-02 13:30:00+00:00,8.252
E70124,2026-10-02 13:15:00+00:00,8.068
E70124,2026-10-02 13:00:00+00:00,7.833
E70124,2026-10-02 12:45:00+00:00,7.564
E70124,2026-10-02 12:30:00+00:00,7.244
E70124,2026-10-02 12:15:00+00:00,6.866
E70124,2026-10-02 12:00:00+00:00,6.442
E70124,2026-10-02 11:45:00+00:00,5.993
E70124,2026-10-02 11:30:00+00:00,5.505
E70124,2026-10-02 11:15:00+00:00,5.027
E70124,2026-10-02 11:00:00+00:00,4.554
E70124,2026-10-02 10:45:00+00:00,4.098
E70124,2026-10-02 10:30:00+00:00,3.686
E70124,2026-10-02 10:15:00+00:00,3.312
E70124,2026-10-02 10:00:00+00:00,2.998
E70124,2026-10-02 09:45:00+00:00,2.722
E70124,2026-10-02 09:30:00+00:00,2.517
E70124,2026-10-02 09:15:00+00:00,2.373
E70124,2026-10-02 09:00:00+00:00,2.283
E70124,2026-10-02 08:45:00+00:00,2.241
E70124,2026-10-02 08:30:00+00:00,2.268
E70124,2026-10-02 08:15:00+00:00,2.347
E70124,2026-10-02 08:00:00+00:00,2.467
E70124,2026-10-02 07:45:00+00:00,2.619
E70124,2026-10-02 07:30:00+00:00,2.79
E70124,2026-10-02 07:15:00+00:00,3.026
E70124,2026-10-02 07:00:00+00:00,3.262
E70124,2026-10-02 06:45:00+00:00,3.528
E70124,2026-10-02 06:30:00+00:00,3.795
E70124,2026-10-02 06:15:00+00:00,4.08
E70124,2026-10-02 06:00:00+00:00,4.422
E70124,2026-10-02 05:45:00+00:00,4.754
E70124,2026-10-02 05:30:00+00:00,5.092
E70124,2026-10-02 05:15:00+00:00,5.444
E70124,2026-10-02 05:00:00+00:00,5.795
E70124,2026-10-02 04:45:00+00:00,6.15
E70124,2026-10-02 04:30:00+00:00,6.516
E70124,2026-10-02 04:15:00+00:00,6.906
E70124,2026-10-02 04:00:00+00:00,7.288
E70124,2026-10-02 03:45:00+00:00,7.643
E70124,2026-10-02 03:30:00+00:00,7.968
E70124,2026-10-02 03:15:00+00:00,8.235
E70124,2026-10-02 03:00:00+00:00,8.447
E70124,2026-10-02 02:45:00+00:00,8.611
E70124,2026-10-02 02:30:00+00:00,8.721
E70124,2026-10-02 02:15:00+00:00,8.795
E70124,2026-10-02 02:00:00+00:00,8.806
E70124,2026-10-02 01:45:00+00:00,8.756
E70124,2026-10-02 01:30:00+00:00,8.666
E70124,2026-10-02 01:15:00+00:00,8.52
E70124,2026-10-02 01:00:00+00:00,8.326
E70124,2026-10-02 00:45:00+00:00,8.069
E70124,2026-10-02 00:30:00+00:00,7.765
E70124,2026-10-02 00:15:00+00:00,7.407
E70124,2026-10-02 00:00:00+00:00,6.987
E70124,2026-10-01 23:45:00+00:00,6.551
E70124,2026-10-01 23:30:00+00:00,6.063
E70124,2026-10-01 23:15:00+00:00,5.548
E70124,2026-10-01 23:00:00+00:00,5.015
E70124,2026-10-01 22:45:00+00:00,4.489
E70124,2026-10-01 22:30:00+00:00,3.973
E70124,2026-10-01 22:15:00+00:00,3.512
E70124,2026-10-01 22:00:00+00:00,3.108
E70124,2026-10-01 21:45:00+00:00,2.759
E70124,2026-10-01 21:30:00+00:00,2.492
E70124,2026-10-01 21:15:00+00:00,2.268
E70124,2026-10-01 21:00:00+00:00,2.116
E70124,2026-10-01 20:45:00+00:00,1.993
E70124,2026-10-01 20:30:00+00:00,1.988
E70124,2026-10-01 20:15:00+00:00,2.008
E70124,2026-10-01 20:00:00+00:00,2.079
E70124,2026-10-01 19:45:00+00:00,2.194
E70124,2026-10-01 19:30:00+00:00,2.343
E70124,2026-10-01 19:15:00+00:00,2.534
E70124,2026-10-01 19:00:00+00:00,2.739
E70124,2026-10-01 18:45:00+00:00,2.982
E70124,2026-10-01 18:30:00+00:00,3.235
E70124,2026-10-01 18:15:00+00:00,3.503
E70124,2026-10-01 18:00:00+00:00,3.816
E70124,2026-10-01 17:45:00+00:00,4.122
E70124,2026-10-01 17:30:00+00:00,4.448
E70124,2026-10-01 17:15:00+00:00,4.788
E70124,2026-10-01 17:00:00+00:00,5.138
E70124,2026-10-01 16:45:00+00:00,5.504
E70124,2026-10-01 16:30:00+00:00,5.872
E70124,2026-10-01 16:15:00+00:00,6.249
E70124,2026-10-01 16:00:00+00:00,6.63
E70124,2026-10-01 15:45:00+00:00,7.027
E70124,2026-10-01 15:30:00+00:00,7.419
E70124,2026-10-01 15:15:00+00:00,7.774
E70124,2026-10-01 15:00:00+00:00,8.116
E70124,2026-10-01 14:45:00+00:00,8.388
E70124,2026-10-01 14:30:00+00:00,8.603
E70124,2026-10-01 14:15:00+00:00,8.761
E70124,2026-10-01 14:00:00+00:00,8.873
E70124,2026-10-01 13:45:00+00:00,8.931
E70124,2026-10-01 13:30:00+00:00,8.933
E70124,2026-10-01 13:15:00+00:00,8.876
E70124,2026-10-01 13:00:00+00:00,8.771
E70124,2026-10-01 12:45:00+00:00,8.611
E70124,2026-10-01 12:30:00+00:00,8.395
E70124,2026-10-01 12:15:00+00:00,8.103
E70124,2026-10-01 12:00:00+00:00,7.798
E70124,2026-10-01 11:45:00+00:00,7.427
E70124,2026-10-01 11:30:00+00:00,6.981
E70124,2026-10-01 11:15:00+00:00,6.506
E70124,2026-10-01 11:00:00+00:00,5.982
E70124,2026-10-01 10:45:00+00:00,5.426
E70124,2026-10-01 10:30:00+00:00,4.866
E70124,2026-10-01 10:15:00+00:00,4.31
E70124,2026-10-01 10:00:00+00:00,3.795
E70124,2026-10-01 09:45:00+00:00,3.318
E70124,2026-10-01 09:30:00+00:00,2.908
E70124,2026-10-01 09:15:00+00:00,2.551
E70124,2026-10-01 09:00:00+00:00,2.258
E70124,2026-10-01 08:45:00+00:00,2.056
E70124,2026-10-01 08:30:00+00:00,1.923
E70124,2026-10-01 08:15:00+00:00,1.86
E70124,2026-10-01 08:00:00+00:00,1.861
E70124,2026-10-01 07:45:00+00:00,1.919
E70124,2026-10-01 07:30:00+00:00,2.036
E70124,2026-10-01 07:15:00+00:00,2.198
E70124,2026-10-01 07:00:00+00:00,2.373
E70124,2026-10-01 06:45:00+00:00,2.603
E70124,2026-10-01 06:30:00+00:00,2.846
E70124,2026-10-01 06:15:00+00:00,3.11
E70124,2026-10-01 06:00:00+00:00,3.404
E70124,2026-10-01 05:45:00+00:00,3.702
E70124,2026-10-01 05:30:00+00:00,4.038
E70124,2026-10-01 05:15:00+00:00,4.399
E70124,2026-10-01 05:00:00+00:00,4.76
E70124,2026-10-01 04:45:00+00:00,5.142
E70124,2026-10-01 04:30:00+00:00,5.537
E70124,2026-10-01 04:15:00+00:00,5.933
E70124,2026-10-01 04:00:00+00:00,6.324
E70124,2026-10-01 03:45:00+00:00,6.731
E70124,2026-10-01 03:30:00+00:00,7.139
E70124,2026-10-01 03:15:00+00:00,7.569
E70124,2026-10-01 03:00:00+00:00,7.969
E70124,2026-10-01 02:45:00+00:00,8.341
E70124,2026-10-01 02:30:00+00:00,8.664
E70124,2026-10-01 02:15:00+00:00,8.923
E70124,2026-10-01 02:00:00+00:00,9.126
E70124,2026-10-01 01:45:00+00:00,9.268
E70124,2026-10-01 01:30:00+00:00,9.337
E70124,2026-10-01 01:15:00+00:00,9.354
E70124,2026-10-01 01:00:00+00:00,9.32
E70124,2026-10-01 00:45:00+00:00,9.211
E70124,2026-10-01 00:30:00+00:00,9.042
E70124,2026-10-01 00:15:00+00:00,8.818
E70124,2026-10-01 00:00:00+00:00,8.542
E70124,2026-09-30 23:45:00+00:00,8.209
E70124,2026-09-30 23:30:00+00:00,7.814
E70124,2026-09-30 23:15:00+00:00,7.368
E70124,2026-09-30 23:00:00+00:00,6.859
E70124,2026-09-30 22:45:00+00:00,6.334
E70124,2026-09-30 22:30:00+00:00,5.731
E70124,2026-09-30 22:15:00+00:00,5.126
E70124,2026-09-30 22:00:00+00:00,4.542
E70124,2026-09-30 21:45:00+00:00,3.954
E70124,2026-09-30 21:30:00+00:00,3.4
E70124,2026-09-30 21:15:00+00:00,2.933
E70124,2026-09-30 21:00:00+00:00,2.535
E70124,2026-09-30 20:45:00+00:00,2.203
E70124,2026-09-30 20:30:00+00:00,1.98
E70124,2026-09-30 20:15:00+00:00,1.838
E70124,2026-09-30 19:45:00+00:00,1.772
E70124,2026-09-30 19:30:00+00:00,1.825
E70124,2026-09-30 19:15:00+00:00,1.942
E70124,2026-09-30 19:00:00+00:00,2.095
E70124,2026-09-30 18:45:00+00:00,2.296
E70124,2026-09-30 18:30:00+00:00,2.526
E70124,2026-09-30 18:15:00+00:00,2.782
E70124,2026-09-30 18:00:00+00:00,3.052
E70124,2026-09-30 17:45:00+00:00,3.344
E70124,2026-09-30 17:30:00+00:00,3.656
E70124,2026-09-30 17:15:00+00:00,3.979
E70124,2026-09-30 17:00:00+00:00,4.32
E70124,2026-09-30 16:45:00+00:00,4.701
E70124,2026-09-30 16:30:00+00:00,5.085
E70124,2026-09-30 16:15:00+00:00,5.486
E70124,2026-09-30 16:00:00+00:00,5.902
E70124,2026-09-30 15:45:00+00:00,6.323
E70124,2026-09-30 15:30:00+00:00,6.75
E70124,2026-09-30 15:15:00+00:00,7.167
E70124,2026-09-30 15:00:00+00:00,7.604
E70124,2026-09-30 14:45:00+00:00,8.013
E70124,2026-09-30 14:30:00+00:00,8.389
E70124,2026-09-30 14:15:00+00:00,8.753
E70124,2026-09-30 14:00:00+00:00,9.083
E70124,2026-09-30 13:45:00+00:00,9.302
E70124,2026-09-30 13:30:00+00:00,9.473
E70124,2026-09-30 13:15:00+00:00,9.591
E70124,2026-09-30 13:00:00+00:00,9.662
E70124,2026-09-30 12:45:00+00:00,9.661
E70124,2026-09-30 12:30:00+00:00,9.583
E70124,2026-09-30 12:15:00+00:00,9.433
E70124,2026-09-30 12:00:00+00:00,9.23
E70124,2026-09-30 11:45:00+00:00,8.982
E70124,2026-09-30 11:30:00+00:00,8.664
E70124,2026-09-30 11:15:00+00:00,8.268
E70124,2026-09-30 11:00:00+00:00,7.838
E70124,2026-09-30 10:45:00+00:00,7.359
E70124,2026-09-30 10:30:00+00:00,6.829
E70124,2026-09-30 10:15:00+00:00,6.235
E70124,2026-09-30 10:00:00+00:00,5.595
E70124,2026-09-30 09:45:00+00:00,4.955
E70124,2026-09-30 09:30:00+00:00,4.326
E70124,2026-09-30 09:15:00+00:00,3.703
E70124,2026-09-30 09:00:00+00:00,3.13
E70124,2026-09-30 08:45:00+00:00,2.663
E70124,2026-09-30 08:30:00+00:00,2.308
E70124,2026-09-30 08:15:00+00:00,2.026
E70124,2026-09-30 08:00:00+00:00,1.839
E70124,2026-09-30 07:45:00+00:00,1.761
E70124,2026-09-30 07:30:00+00:00,1.735
E70124,2026-09-30 07:15:00+00:00,1.743
E70124,2026-09-30 07:00:00+00:00,1.852
E70124,2026-09-30 06:45:00+00:00,1.98
E70124,2026-09-30 06:30:00+00:00,2.167
E70124,2026-09-30 06:15:00+00:00,2.387
E70124,2026-09-30 06:00:00+00:00,2.634
E70124,2026-09-30 05:45:00+00:00,2.922
E70124,2026-09-30 05:30:00+00:00,3.223
E70124,2026-09-30 05:15:00+00:00,3.56
E70124,2026-09-30 05:00:00+00:00,3.924
E70124,2026-09-30 04:45:00+00:00,4.274
E70124,2026-09-30 04:30:00+00:00,4.588
E70124,2026-09-30 04:15:00+00:00,4.957
E70124,2026-09-30 04:00:00+00:00,5.377
E70124,2026-09-30 03:45:00+00:00,5.804
E70124,2026-09-30 03:30:00+00:00,6.238
E70124,2026-09-30 03:15:00+00:00,6.686
E70124,2026-09-30 03:00:00+00:00,7.124
E70124,2026-09-30 02:45:00+00:00,7.572
E70124,2026-09-30 02:30:00+00:00,8.02
E70124,2026-09-30 02:15:00+00:00,8.435
E70124,2026-09-30 02:00:00+00:00,8.819
E70124,2026-09-30 01:45:00+00:00,9.155
E70124,2026-09-30 01:30:00+00:00,9.429
E70124,2026-09-30 01:15:00+00:00,9.647
E70124,2026-09-30 01:00:00+00:00,9.812
E70124,2026-09-30 00:45:00+00:00,9.906
E70124,2026-09-30 00:30:00+00:00,9.922
E70124,2026-09-30 00:15:00+00:00,9.864
E70124,2026-09-30 00:00:00+00:00,9.743
E70124,2026-09-29 23:45:00+00:00,9.573
E70124,2026-09-29 23:30:00+00:00,9.339
E70124,2026-09-29 23:15:00+00:00,9.039
E70124,2026-09-29 23:00:00+00:00,8.687
E70124,2026-09-29 22:45:00+00:00,8.25
E70124,2026-09-29 22:30:00+00:00,7.771
E70124,2026-09-29 22:15:00+00:00,7.244
E70124,2026-09-29 22:00:00+00:00,6.665
E70124,2026-09-29 21:45:00+00:00,6.017
E70124,2026-09-29 21:30:00+00:00,5.37
E70124,2026-09-29 21:15:00+00:00,4.687
E70124,2026-09-29 21:00:00+00:00,4.002
E70124,2026-09-29 20:45:00+00:00,3.386
E70124,2026-09-29 20:30:00+00:00,2.854
E70124,2026-09-29 20:15:00+00:00,2.379
E70124,2026-09-29 20:00:00+00:00,2.0
E70124,2026-09-29 19:45:00+00:00,1.73
E70124,2026-09-29 19:30:00+00:00,1.566
E70124,2026-09-29 19:15:00+00:00,1.495
E70124,2026-09-29 19:00:00+00:00,1.502
E70124,2026-09-29 18:45:00+00:00,1.564
E70124,2026-09-29 18:30:00+00:00,1.685
E70124,2026-09-29 18:15:00+00:00,1.856
E70124,2026-09-29 18:00:00+00:00,2.06
E70124,2026-09-29 17:45:00+00:00,2.29
E70124,2026-09-29 17:30:00+00:00,2.53
E70124,2026-09-29 17:15:00+00:00,2.828
E70124,2026-09-29 17:00:00+00:00,3.16
E70124,2026-09-29 16:45:00+00:00,3.484
E70124,2026-09-29 16:30:00+00:00,3.815
E70124,2026-09-29 16:15:00+00:00,4.191
E70124,2026-09-29 16:00:00+00:00,4.573
E70124,2026-09-29 15:45:00+00:00,4.986
E70124,2026-09-29 15:30:00+00:00,5.398
E70124,2026-09-29 15:15:00+00:00,5.83
E70124,2026-09-29 15:00:00+00:00,6.251
E70124,2026-09-29 14:45:00+00:00,6.663
E70124,2026-09-29 14:30:00+00:00,7.122
E70124,2026-09-29 14:15:00+00:00,7.568
E70124,2026-09-29 14:00:00+00:00,7.987
E70124,2026-09-29 13:45:00+00:00,8.377
E70124,2026-09-29 13:30:00+00:00,8.715
E70124,2026-09-29 13:15:00+00:00,8.987
E70124,2026-09-29 13:00:00+00:00,9.196
E70124,2026-09-29 12:45:00+00:00,9.342
E70124,2026-09-29 12:30:00+00:00,9.424
E70124,2026-09-29 12:15:00+00:00,9.437
E70124,2026-09-29 12:00:00+00:00,9.372
E70124,2026-09-29 11:45:00+00:00,9.252
E70124,2026-09-29 11:30:00+00:00,9.071
E70124,2026-09-29 11:15:00+00:00,8.835
E70124,2026-09-29 11:00:00+00:00,8.512
E70124,2026-09-29 10:45:00+00:00,8.117
E70124,2026-09-29 10:30:00+00:00,7.667
E70124,2026-09-29 10:15:00+00:00,7.169
E70124,2026-09-29 10:00:00+00:00,6.637
E70124,2026-09-29 09:45:00+00:00,6.019
E70124,2026-09-29 09:30:00+00:00,5.375
E70124,2026-09-29 09:15:00+00:00,4.709
E70124,2026-09-29 09:00:00+00:00,4.039
E70124,2026-09-29 08:45:00+00:00,3.386
E70124,2026-09-29 08:30:00+00:00,2.767
E70124,2026-09-29 08:15:00+00:00,2.222
E70124,2026-09-29 08:00:00+00:00,1.768
E70124,2026-09-29 07:45:00+00:00,1.466
E70124,2026-09-29 07:30:00+00:00,1.246
E70124,2026-09-29 07:15:00+00:00,1.127
E70124,2026-09-29 07:00:00+00:00,1.084
E70124,2026-09-29 06:45:00+00:00,1.14
E70124,2026-09-29 06:30:00+00:00,1.226
E70124,2026-09-29 06:15:00+00:00,1.394
E70124,2026-09-29 06:00:00+00:00,1.584
E70124,2026-09-29 05:45:00+00:00,1.809
E70124,2026-09-29 05:30:00+00:00,2.058
E70124,2026-09-29 05:15:00+00:00,2.347
E70124,2026-09-29 05:00:00+00:00,2.655
E70124,2026-09-29 04:45:00+00:00,2.985
E70124,2026-09-29 04:30:00+00:00,3.324
E70124,2026-09-29 04:15:00+00:00,3.686
E70124,2026-09-29 04:00:00+00:00,4.065
E70124,2026-09-29 03:45:00+00:00,4.48
E70124,2026-09-29 03:30:00+00:00,4.909
E70124,2026-09-29 03:15:00+00:00,5.349
E70124,2026-09-29 03:00:00+00:00,5.808
E70124,2026-09-29 02:45:00+00:00,6.265
E70124,2026-09-29 02:30:00+00:00,6.72
E70124,2026-09-29 02:15:00+00:00,7.191
E70124,2026-09-29 02:00:00+00:00,7.678
E70124,2026-09-29 01:45:00+00:00,8.121
E70124,2026-09-29 01:30:00+00:00,8.55
E70124,2026-09-29 01:15:00+00:00,8.933
E70124,2026-09-29 01:00:00+00:00,9.251
E70124,2026-09-29 00:45:00+00:00,9.493
E70124,2026-09-29 00:30:00+00:00,9.676
E70124,2026-09-29 00:15:00+00:00,9.781
E70124,2026-09-29 00:00:00+00:00,9.809
E70124,2026-09-28 23:45:00+00:00,9.759
E70124,2026-09-28 23:30:00+00:00,9.649
E70124,2026-09-28 23:15:00+00:00,9.484
E70124,2026-09-28 23:00:00+00:00,9.25
E70124,2026-09-28 22:45:00+00:00,8.959
E70124,2026-09-28 22:30:00+00:00,8.598
E70124,2026-09-28 22:15:00+00:00,8.167
E70124,2026-09-28 22:00:00+00:00,7.689
E70124,2026-09-28 21:45:00+00:00,7.14
E70124,2026-09-28 21:30:00+00:00,6.547
E70124,2026-09-28 21:15:00+00:00,5.874
E70124,2026-09-28 21:00:00+00:00,5.181
E70124,2026-09-28 20:45:00+00:00,4.471
E70124,2026-09-28 20:30:00+00:00,3.801
E70124,2026-09-28 20:15:00+00:00,3.184
E70124,2026-09-28 20:00:00+00:00,2.58
E70124,2026-09-28 19:45:00+00:00,2.09
E70124,2026-09-28 19:30:00+00:00,1.703
E70124,2026-09-28 19:15:00+00:00,1.422
E70124,2026-09-28 19:00:00+00:00,1.244
E70124,2026-09-28 18:45:00+00:00,1.178
E70124,2026-09-28 18:30:00+00:00,1.149
E70124,2026-09-28 18:15:00+00:00,1.239
E70124,2026-09-28 18:00:00+00:00,1.375
E70124,2026-09-28 17:45:00+00:00,1.555
E70124,2026-09-28 17:30:00+00:00,1.767
E70124,2026-09-28 17:15:00+00:00,2.0
E70124,2026-09-28 17:00:00+00:00,2.282
E70124,2026-09-28 16:45:00+00:00,2.558
E70124,2026-09-28 16:30:00+00:00,2.867
E70124,2026-09-28 16:15:00+00:00,3.214
E70124,2026-09-28 16:00:00+00:00,3.576
E70124,2026-09-28 15:45:00+00:00,3.934
E70124,2026-09-28 15:30:00+00:00,4.335
E70124,2026-09-28 15:15:00+00:00,4.74
E70124,2026-09-28 15:00:00+00:00,5.163
E70124,2026-09-28 14:45:00+00:00,5.592
E70124,2026-09-28 14:30:00+00:00,6.036
E70124,2026-09-28 14:15:00+00:00,6.487
E70124,2026-09-28 14:00:00+00:00,6.936
E70124,2026-09-28 13:45:00+00:00,7.387
E70124,2026-09-28 13:30:00+00:00,7.83
E70124,2026-09-28 13:15:00+00:00,8.231
E70124,2026-09-28 13:00:00+00:00,8.604
E70124,2026-09-28 12:45:00+00:00,8.905
E70124,2026-09-28 12:30:00+00:00,9.147
E70124,2026-09-28 12:15:00+00:00,9.321
E70124,2026-09-28 12:00:00+00:00,9.427
E70124,2026-09-28 11:45:00+00:00,9.451
E70124,2026-09-28 11:30:00+00:00,9.421
E70124,2026-09-28 11:15:00+00:00,9.322
E70124,2026-09-28 11:00:00+00:00,9.168
E70124,2026-09-28 10:45:00+00:00,8.953
E70124,2026-09-28 10:30:00+00:00,8.674
E70124,2026-09-28 10:15:00+00:00,8.324
E70124,2026-09-28 10:00:00+00:00,7.91
E70124,2026-09-28 09:45:00+00:00,7.438
E70124,2026-09-28 09:30:00+00:00,6.925
E70124,2026-09-28 09:15:00+00:00,6.34
E70124,2026-09-28 09:00:00+00:00,5.694
E70124,2026-09-28 08:45:00+00:00,5.026
E70124,2026-09-28 08:30:00+00:00,4.352
E70124,2026-09-28 08:15:00+00:00,3.684
E70124,2026-09-28 08:00:00+00:00,3.051
E70124,2026-09-28 07:45:00+00:00,2.481
E70124,2026-09-28 07:30:00+00:00,1.998
E70124,2026-09-28 07:15:00+00:00,1.597
E70124,2026-09-28 07:00:00+00:00,1.371
E70124,2026-09-28 06:45:00+00:00,1.199
E70124,2026-09-28 06:30:00+00:00,1.166
E70124,2026-09-28 06:15:00+00:00,1.192
E70124,2026-09-28 06:00:00+00:00,1.275
E70124,2026-09-28 05:45:00+00:00,1.396
E70124,2026-09-28 05:30:00+00:00,1.6
E70124,2026-09-28 05:15:00+00:00,1.815
E70124,2026-09-28 05:00:00+00:00,2.06
E70124,2026-09-28 04:45:00+00:00,2.328
E70124,2026-09-28 04:30:00+00:00,2.618
E70124,2026-09-28 04:15:00+00:00,2.93
E70124,2026-09-28 04:00:00+00:00,3.274
E70124,2026-09-28 03:45:00+00:00,3.618
E70124,2026-09-28 03:30:00+00:00,3.983
E70124,2026-09-28 03:15:00+00:00,4.374
E70124,2026-09-28 03:00:00+00:00,4.796
E70124,2026-09-28 02:45:00+00:00,5.228
E70124,2026-09-28 02:30:00+00:00,5.678
E70124,2026-09-28 02:15:00+00:00,6.143
E70124,2026-09-28 02:00:00+00:00,6.6
E70124,2026-09-28 01:45:00+00:00,7.064
E70124,2026-09-28 01:30:00+00:00,7.543
E70124,2026-09-28 01:15:00+00:00,8.023
E70124,2026-09-28 01:00:00+00:00,8.438
E70124,2026-09-28 00:45:00+00:00,8.834
E70124,2026-09-28 00:30:00+00:00,9.151
E70124,2026-09-28 00:15:00+00:00,9.418
E70124,2026-09-28 00:00:00+00:00,9.619
E70124,2026-09-27 23:45:00+00:00,9.752
E70124,2026-09-27 23:30:00+00:00,9.799
E70124,2026-09-27 23:15:00+00:00,9.786
E70124,2026-09-27 23:00:00+00:00,9.691
E70124,2026-09-27 22:45:00+00:00,9.536
E70124,2026-09-27 22:30:00+00:00,9.319
E70124,2026-09-27 22:15:00+00:00,9.023
E70124,2026-09-27 22:00:00+00:00,8.679
E70124,2026-09-27 21:45:00+00:00,8.275
E70124,2026-09-27 21:30:00+00:00,7.806
E70124,2026-09-27 21:15:00+00:00,7.304
E70124,2026-09-27 21:00:00+00:00,6.762
E70124,2026-09-27 20:45:00+00:00,6.124
E70124,2026-09-27 20:30:00+00:00,5.456
E70124,2026-09-27 20:15:00+00:00,4.791
E70124,2026-09-27 20:00:00+00:00,4.15
E70124,2026-09-27 19:45:00+00:00,3.53
E70124,2026-09-27 19:30:00+00:00,2.986
E70124,2026-09-27 19:15:00+00:00,2.523
E70124,2026-09-27 19:00:00+00:00,2.133
E70124,2026-09-27 18:45:00+00:00,1.854
E70124,2026-09-27 18:30:00+00:00,1.652
E70124,2026-09-27 18:15:00+00:00,1.615
E70124,2026-09-27 18:00:00+00:00,1.616
E70124,2026-09-27 17:45:00+00:00,1.694
E70124,2026-09-27 17:30:00+00:00,1.806
E70124,2026-09-27 17:15:00+00:00,1.96
E70124,2026-09-27 17:00:00+00:00,2.186
E70124,2026-09-27 16:45:00+00:00,2.447
E70124,2026-09-27 16:30:00+00:00,2.698
E70124,2026-09-27 16:15:00+00:00,3.013
E70124,2026-09-27 16:00:00+00:00,3.336
E70124,2026-09-27 15:45:00+00:00,3.652
E70124,2026-09-27 15:30:00+00:00,4.042
E70124,2026-09-27 15:15:00+00:00,4.413
E70124,2026-09-27 15:00:00+00:00,4.812
E70124,2026-09-27 14:45:00+00:00,5.215
E70124,2026-09-27 14:30:00+00:00,5.6
E70124,2026-09-27 14:15:00+00:00,5.977
E70124,2026-09-27 14:00:00+00:00,6.393
E70124,2026-09-27 13:45:00+00:00,6.828
E70124,2026-09-27 13:30:00+00:00,7.272
E70124,2026-09-27 13:15:00+00:00,7.706
E70124,2026-09-27 13:00:00+00:00,8.114
E70124,2026-09-27 12:45:00+00:00,8.503
E70124,2026-09-27 12:30:00+00:00,8.85
E70124,2026-09-27 12:15:00+00:00,9.102
E70124,2026-09-27 12:00:00+00:00,9.282
E70124,2026-09-27 11:45:00+00:00,9.407
E70124,2026-09-27 11:30:00+00:00,9.498
E70124,2026-09-27 11:15:00+00:00,9.538
E70124,2026-09-27 11:00:00+00:00,9.507
E70124,2026-09-27 10:45:00+00:00,9.41
E70124,2026-09-27 10:30:00+00:00,9.244
E70124,2026-09-27 10:15:00+00:00,9.028
E70124,2026-09-27 10:00:00+00:00,8.748
E70124,2026-09-27 09:45:00+00:00,8.438
E70124,2026-09-27 09:30:00+00:00,8.027
E70124,2026-09-27 09:15:00+00:00,7.574
E70124,2026-09-27 09:00:00+00:00,7.065
E70124,2026-09-27 08:45:00+00:00,6.503
E70124,2026-09-27 08:30:00+00:00,5.873
E70124,2026-09-27 08:15:00+00:00,5.22
E70124,2026-09-27 08:00:00+00:00,4.559
E70124,2026-09-27 07:45:00+00:00,3.919
E70124,2026-09-27 07:30:00+00:00,3.308
E70124,2026-09-27 07:15:00+00:00,2.749
E70124,2026-09-27 07:00:00+00:00,2.266
E70124,2026-09-27 06:45:00+00:00,1.871
E70124,2026-09-27 06:30:00+00:00,1.566
E70124,2026-09-27 06:15:00+00:00,1.401
E70124,2026-09-27 06:00:00+00:00,1.309
E70124,2026-09-27 05:45:00+00:00,1.294
E70124,2026-09-27 05:30:00+00:00,1.364
E70124,2026-09-27 05:15:00+00:00,1.479
E70124,2026-09-27 05:00:00+00:00,1.642
E70124,2026-09-27 04:45:00+00:00,1.838
E70124,2026-09-27 04:30:00+00:00,2.062
E70124,2026-09-27 04:15:00+00:00,2.314
E70124,2026-09-27 04:00:00+00:00,2.593
E70124,2026-09-27 03:45:00+00:00,2.896
E70124,2026-09-27 03:30:00+00:00,3.218
E70124,2026-09-27 03:15:00+00:00,3.558
E70124,2026-09-27 03:00:00+00:00,3.914
E70124,2026-09-27 02:45:00+00:00,4.297
E70124,2026-09-27 02:30:00+00:00,4.701
E70124,2026-09-27 02:15:00+00:00,5.127
E70124,2026-09-27 02:00:00+00:00,5.558
E70124,2026-09-27 01:45:00+00:00,5.999
E70124,2026-09-27 01:30:00+00:00,6.441
E70124,2026-09-27 01:15:00+00:00,6.888
E70124,2026-09-27 01:00:00+00:00,7.341
E70124,2026-09-27 00:45:00+00:00,7.793
E70124,2026-09-27 00:30:00+00:00,8.213
E70124,2026-09-27 00:15:00+00:00,8.604
E70124,2026-09-27 00:00:00+00:00,8.936
E70124,2026-09-26 23:45:00+00:00,9.198
E70124,2026-09-26 23:30:00+00:00,9.396
E70124,2026-09-26 23:15:00+00:00,9.529
E70124,2026-09-26 23:00:00+00:00,9.591
E70124,2026-09-26 22:45:00+00:00,9.591
E70124,2026-09-26 22:30:00+00:00,9.52
E70124,2026-09-26 22:15:00+00:00,9.386
E70124,2026-09-26 22:00:00+00:00,9.188
E70124,2026-09-26 21:45:00+00:00,8.945
E70124,2026-09-26 21:30:00+00:00,8.636
E70124,2026-09-26 21:15:00+00:00,8.264
E70124,2026-09-26 21:00:00+00:00,7.835
E70124,2026-09-26 20:45:00+00:00,7.355
E70124,2026-09-26 20:30:00+00:00,6.831
E70124,2026-09-26 20:15:00+00:00,6.248
E70124,2026-09-26 20:00:00+00:00,5.626
E70124,2026-09-26 19:45:00+00:00,4.999
E70124,2026-09-26 19:30:00+00:00,4.368
E70124,2026-09-26 19:15:00+00:00,3.776
E70124,2026-09-26 19:00:00+00:00,3.228
E70124,2026-09-26 18:45:00+00:00,2.748
E70124,2026-09-26 18:30:00+00:00,2.339
E70124,2026-09-26 18:15:00+00:00,2.022
E70124,2026-09-26 18:00:00+00:00,1.803
E70124,2026-09-26 17:45:00+00:00,1.666
E70124,2026-09-26 17:30:00+00:00,1.616
E70124,2026-09-26 17:15:00+00:00,1.594
E70124,2026-09-26 17:00:00+00:00,1.663
E70124,2026-09-26 16:45:00+00:00,1.782
E70124,2026-09-26 16:30:00+00:00,1.983
E70124,2026-09-26 16:15:00+00:00,2.188
E70124,2026-09-26 16:00:00+00:00,2.408
E70124,2026-09-26 15:45:00+00:00,2.68
E70124,2026-09-26 15:30:00+00:00,2.978
E70124,2026-09-26 15:15:00+00:00,3.286
E70124,2026-09-26 15:00:00+00:00,3.611
E70124,2026-09-26 14:45:00+00:00,3.954
E70124,2026-09-26 14:30:00+00:00,4.309
E70124,2026-09-26 14:15:00+00:00,4.691
E70124,2026-09-26 14:00:00+00:00,5.096
E70124,2026-09-26 13:45:00+00:00,5.499
E70124,2026-09-26 13:30:00+00:00,5.915
E70124,2026-09-26 13:15:00+00:00,6.323
E70124,2026-09-26 13:00:00+00:00,6.738
E70124,2026-09-26 12:45:00+00:00,7.169
E70124,2026-09-26 12:30:00+00:00,7.584
E70124,2026-09-26 12:15:00+00:00,7.981
E70124,2026-09-26 12:00:00+00:00,8.327
E70124,2026-09-26 11:45:00+00:00,8.597
E70124,2026-09-26 11:30:00+00:00,8.805
E70124,2026-09-26 11:15:00+00:00,8.948
E70124,2026-09-26 11:00:00+00:00,9.074
E70124,2026-09-26 10:45:00+00:00,9.105
E70124,2026-09-26 10:30:00+00:00,9.106
E70124,2026-09-26 10:15:00+00:00,9.019
E70124,2026-09-26 10:00:00+00:00,8.876
E70124,2026-09-26 09:45:00+00:00,8.694
E70124,2026-09-26 09:30:00+00:00,8.456
E70124,2026-09-26 09:15:00+00:00,8.157
E70124,2026-09-26 09:00:00+00:00,7.796
E70124,2026-09-26 08:45:00+00:00,7.386
E70124,2026-09-26 08:30:00+00:00,6.923
E70124,2026-09-26 08:15:00+00:00,6.428
E70124,2026-09-26 08:00:00+00:00,5.874
E70124,2026-09-26 07:45:00+00:00,5.283
685519,2026-10-03 16:15:00+00:00,0.79
685519,2026-10-03 16:00:00+00:00,0.79
685519,2026-10-03 15:30:00+00:00,0.79
685519,2026-10-03 15:15:00+00:00,0.789
685519,2026-10-03 15:00:00+00:00,0.789
685519,2026-10-03 14:45:00+00:00,0.79
685519,2026-10-03 14:30:00+00:00,0.789
685519,2026-10-03 14:15:00+00:00,0.789
685519,2026-10-03 14:00:00+00:00,0.79
685519,2026-10-03 13:45:00+00:00,0.789
685519,2026-10-03 13:30:00+00:00,0.788
685519,2026-10-03 13:15:00+00:00,0.788
685519,2026-10-03 13:00:00+00:00,0.789
685519,2026-10-03 12:45:00+00:00,0.788
685519,2026-10-03 12:30:00+00:00,0.787
685519,2026-10-03 12:15:00+00:00,0.787
685519,2026-10-03 12:00:00+00:00,0.786
685519,2026-10-03 11:45:00+00:00,0.785
685519,2026-10-03 11:30:00+00:00,0.784
685519,2026-10-03 11:15:00+00:00,0.783
685519,2026-10-03 11:00:00+00:00,0.782
685519,2026-10-03 10:45:00+00:00,0.782
685519,2026-10-03 10:30:00+00:00,0.779
685519,2026-10-03 10:15:00+00:00,0.777
685519,2026-10-03 10:00:00+00:00,0.775
685519,2026-10-03 09:45:00+00:00,0.775
685519,2026-10-03 09:30:00+00:00,0.774
685519,2026-10-03 09:15:00+00:00,0.771
685519,2026-10-03 09:00:00+00:00,0.771
685519,2026-10-03 08:45:00+00:00,0.769
685519,2026-10-03 08:30:00+00:00,0.767
685519,2026-10-03 08:15:00+00:00,0.766
685519,2026-10-03 08:00:00+00:00,0.764
685519,2026-10-03 07:45:00+00:00,0.763
685519,2026-10-03 07:30:00+00:00,0.761
685519,2026-10-03 07:15:00+00:00,0.76
685519,2026-10-03 07:00:00+00:00,0.758
685519,2026-10-03 06:45:00+00:00,0.756
685519,2026-10-03 06:30:00+00:00,0.755
685519,2026-10-03 06:15:00+00:00,0.753
685519,2026-10-03 06:00:00+00:00,0.751
685519,2026-10-03 05:45:00+00:00,0.75
685519,2026-10-03 05:30:00+00:00,0.748
685519,2026-10-03 05:15:00+00:00,0.746
685519,2026-10-03 05:00:00+00:00,0.744
685519,2026-10-03 04:45:00+00:00,0.742
685519,2026-10-03 04:30:00+00:00,0.741
685519,2026-10-03 04:15:00+00:00,0.739
685519,2026-10-03 04:00:00+00:00,0.738
685519,2026-10-03 03:45:00+00:00,0.736
685519,2026-10-03 03:30:00+00:00,0.735
685519,2026-10-03 03:15:00+00:00,0.733
685519,2026-10-03 03:00:00+00:00,0.732
685519,2026-10-03 02:45:00+00:00,0.729
685519,2026-10-03 02:30:00+00:00,0.728
685519,2026-10-03 02:15:00+00:00,0.727
685519,2026-10-03 02:00:00+00:00,0.726
685519,2026-10-03 01:45:00+00:00,0.724
685519,2026-10-03 01:30:00+00:00,0.724
685519,2026-10-03 01:15:00+00:00,0.723
685519,2026-10-03 01:00:00+00:00,0.724
685519,2026-10-03 00:45:00+00:00,0.724
685519,2026-10-03 00:30:00+00:00,0.724
685519,2026-10-03 00:00:00+00:00,0.726
685519,2026-10-02 23:45:00+00:00,0.728
685519,2026-10-02 23:30:00+00:00,0.73
685519,2026-10-02 23:15:00+00:00,0.732
685519,2026-10-02 23:00:00+00:00,0.729
685519,2026-10-02 22:45:00+00:00,0.719
685519,2026-10-02 22:30:00+00:00,0.719
685519,2026-10-02 22:15:00+00:00,0.719
685519,2026-10-02 22:00:00+00:00,0.718
685519,2026-10-02 21:45:00+00:00,0.719
685519,2026-10-02 21:30:00+00:00,0.719
685519,2026-10-02 21:15:00+00:00,0.719
685519,2026-10-02 21:00:00+00:00,0.72
685519,2026-10-02 20:45:00+00:00,0.72
685519,2026-10-02 20:30:00+00:00,0.719
685519,2026-10-02 20:15:00+00:00,0.719
685519,2026-10-02 20:00:00+00:00,0.719
685519,2026-10-02 19:45:00+00:00,0.719
685519,2026-10-02 19:30:00+00:00,0.72
685519,2026-10-02 19:15:00+00:00,0.719
685519,2026-10-02 19:00:00+00:00,0.719
685519,2026-10-02 18:45:00+00:00,0.719
685519,2026-10-02 18:30:00+00:00,0.719
685519,2026-10-02 18:15:00+00:00,0.72
685519,2026-10-02 18:00:00+00:00,0.719
685519,2026-10-02 17:45:00+00:00,0.721
685519,2026-10-02 17:30:00+00:00,0.72
685519,2026-10-02 17:15:00+00:00,0.72
685519,2026-10-02 17:00:00+00:00,0.72
685519,2026-10-02 16:45:00+00:00,0.72
685519,2026-10-02 16:30:00+00:00,0.72
685519,2026-10-02 16:15:00+00:00,0.72
685519,2026-10-02 16:00:00+00:00,0.719
685519,2026-10-02 15:45:00+00:00,0.72
685519,2026-10-02 15:30:00+00:00,0.72
685519,2026-10-02 15:15:00+00:00,0.72
685519,2026-10-02 15:00:00+00:00,0.72
685519,2026-10-02 14:45:00+00:00,0.719
685519,2026-10-02 14:30:00+00:00,0.719
685519,2026-10-02 14:15:00+00:00,0.72
685519,2026-10-02 14:00:00+00:00,0.719
685519,2026-10-02 13:45:00+00:00,0.72
685519,2026-10-02 13:30:00+00:00,0.72
685519,2026-10-02 13:15:00+00:00,0.719
685519,2026-10-02 13:00:00+00:00,0.72
685519,2026-10-02 12:45:00+00:00,0.72
685519,2026-10-02 12:30:00+00:00,0.72
685519,2026-10-02 12:15:00+00:00,0.72
685519,2026-10-02 12:00:00+00:00,0.721
685519,2026-10-02 11:45:00+00:00,0.72
685519,2026-10-02 11:30:00+00:00,0.721
685519,2026-10-02 11:15:00+00:00,0.721
685519,2026-10-02 11:00:00+00:00,0.72
685519,2026-10-02 10:45:00+00:00,0.721
685519,2026-10-02 10:30:00+00:00,0.721
685519,2026-10-02 10:15:00+00:00,0.721
685519,2026-10-02 10:00:00+00:00,0.721
685519,2026-10-02 09:45:00+00:00,0.721
685519,2026-10-02 09:30:00+00:00,0.722
685519,2026-10-02 09:15:00+00:00,0.722
685519,2026-10-02 09:00:00+00:00,0.722
685519,2026-10-02 08:45:00+00:00,0.723
685519,2026-10-02 08:30:00+00:00,0.723
685519,2026-10-02 08:15:00+00:00,0.723
685519,2026-10-02 08:00:00+00:00,0.723
685519,2026-10-02 07:45:00+00:00,0.724
685519,2026-10-02 07:30:00+00:00,0.723
685519,2026-10-02 07:15:00+00:00,0.725
685519,2026-10-02 07:00:00+00:00,0.725
685519,2026-10-02 06:45:00+00:00,0.725
685519,2026-10-02 06:30:00+00:00,0.724
685519,2026-10-02 06:15:00+00:00,0.726
685519,2026-10-02 06:00:00+00:00,0.725
685519,2026-10-02 05:45:00+00:00,0.727
685519,2026-10-02 05:30:00+00:00,0.728
685519,2026-10-02 05:15:00+00:00,0.727
685519,2026-10-02 05:00:00+00:00,0.729
685519,2026-10-02 04:45:00+00:00,0.727
685519,2026-10-02 04:30:00+00:00,0.727
685519,2026-10-02 04:15:00+00:00,0.729
685519,2026-10-02 04:00:00+00:00,0.729
685519,2026-10-02 03:45:00+00:00,0.729
685519,2026-10-02 03:30:00+00:00,0.73
685519,2026-10-02 03:15:00+00:00,0.73
685519,2026-10-02 03:00:00+00:00,0.73
685519,2026-10-02 02:45:00+00:00,0.731
685519,2026-10-02 02:30:00+00:00,0.732
685519,2026-10-02 02:15:00+00:00,0.732
685519,2026-10-02 02:00:00+00:00,0.732
685519,2026-10-02 01:45:00+00:00,0.733
685519,2026-10-02 01:30:00+00:00,0.733
685519,2026-10-02 01:15:00+00:00,0.733
685519,2026-10-02 01:00:00+00:00,0.734
685519,2026-10-02 00:45:00+00:00,0.735
685519,2026-10-02 00:30:00+00:00,0.734
685519,2026-10-02 00:15:00+00:00,0.736
685519,2026-10-02 00:00:00+00:00,0.735
685519,2026-10-01 23:45:00+00:00,0.736
685519,2026-10-01 23:30:00+00:00,0.737
685519,2026-10-01 23:15:00+00:00,0.738
685519,2026-10-01 23:00:00+00:00,0.737
685519,2026-10-01 22:45:00+00:00,0.738
685519,2026-10-01 22:30:00+00:00,0.738
685519,2026-10-01 22:15:00+00:00,0.738
685519,2026-10-01 22:00:00+00:00,0.739
685519,2026-10-01 21:45:00+00:00,0.74
685519,2026-10-01 21:30:00+00:00,0.74
685519,2026-10-01 21:15:00+00:00,0.741
685519,2026-10-01 21:00:00+00:00,0.74
685519,2026-10-01 20:45:00+00:00,0.742
685519,2026-10-01 20:30:00+00:00,0.743
685519,2026-10-01 20:15:00+00:00,0.742
685519,2026-10-01 20:00:00+00:00,0.743
685519,2026-10-01 19:45:00+00:00,0.744
685519,2026-10-01 19:30:00+00:00,0.744
685519,2026-10-01 19:15:00+00:00,0.743
685519,2026-10-01 19:00:00+00:00,0.744
685519,2026-10-01 18:45:00+00:00,0.744
685519,2026-10-01 18:30:00+00:00,0.745
685519,2026-10-01 18:15:00+00:00,0.747
685519,2026-10-01 18:00:00+00:00,0.746
685519,2026-10-01 17:45:00+00:00,0.748
685519,2026-10-01 17:30:00+00:00,0.749
685519,2026-10-01 17:15:00+00:00,0.75
685519,2026-10-01 17:00:00+00:00,0.75
685519,2026-10-01 16:45:00+00:00,0.751
685519,2026-10-01 16:30:00+00:00,0.751
685519,2026-10-01 16:15:00+00:00,0.752
685519,2026-10-01 16:00:00+00:00,0.753
685519,2026-10-01 15:45:00+00:00,0.753
685519,2026-10-01 15:30:00+00:00,0.754
685519,2026-10-01 15:15:00+00:00,0.753
685519,2026-10-01 15:00:00+00:00,0.755
685519,2026-10-01 14:45:00+00:00,0.755
685519,2026-10-01 14:30:00+00:00,0.755
685519,2026-10-01 14:15:00+00:00,0.755
685519,2026-10-01 14:00:00+00:00,0.757
685519,2026-10-01 13:45:00+00:00,0.757
685519,2026-10-01 13:30:00+00:00,0.758
685519,2026-10-01 13:15:00+00:00,0.759
685519,2026-10-01 13:00:00+00:00,0.759
685519,2026-10-01 12:45:00+00:00,0.759
685519,2026-10-01 12:30:00+00:00,0.761
685519,2026-10-01 12:15:00+00:00,0.761
685519,2026-10-01 12:00:00+00:00,0.761
685519,2026-10-01 11:45:00+00:00,0.761
685519,2026-10-01 11:30:00+00:00,0.763
685519,2026-10-01 11:15:00+00:00,0.763
685519,2026-10-01 11:00:00+00:00,0.763
685519,2026-10-01 10:45:00+00:00,0.764
685519,2026-10-01 10:30:00+00:00,0.764
685519,2026-10-01 10:15:00+00:00,0.764
685519,2026-10-01 10:00:00+00:00,0.763
685519,2026-10-01 09:45:00+00:00,0.764
685519,2026-10-01 09:30:00+00:00,0.764
685519,2026-10-01 09:15:00+00:00,0.764
685519,2026-10-01 09:00:00+00:00,0.765
685519,2026-10-01 08:45:00+00:00,0.766
685519,2026-10-01 08:30:00+00:00,0.766
685519,2026-10-01 08:15:00+00:00,0.766
685519,2026-10-01 08:00:00+00:00,0.767
685519,2026-10-01 07:45:00+00:00,0.767
685519,2026-10-01 07:30:00+00:00,0.768
685519,2026-10-01 07:15:00+00:00,0.769
685519,2026-10-01 07:00:00+00:00,0.769
685519,2026-10-01 06:45:00+00:00,0.771
685519,2026-10-01 06:30:00+00:00,0.771
685519,2026-10-01 06:15:00+00:00,0.772
685519,2026-10-01 06:00:00+00:00,0.772
685519,2026-10-01 05:45:00+00:00,0.773
685519,2026-10-01 05:30:00+00:00,0.773
685519,2026-10-01 05:15:00+00:00,0.773
685519,2026-10-01 05:00:00+00:00,0.775
685519,2026-10-01 04:45:00+00:00,0.775
685519,2026-10-01 04:30:00+00:00,0.774
685519,2026-10-01 04:15:00+00:00,0.776
685519,2026-10-01 04:00:00+00:00,0.777
685519,2026-10-01 03:45:00+00:00,0.775
685519,2026-10-01 03:30:00+00:00,0.776
685519,2026-10-01 03:15:00+00:00,0.777
685519,2026-10-01 03:00:00+00:00,0.778
685519,2026-10-01 02:45:00+00:00,0.777
685519,2026-10-01 02:30:00+00:00,0.778
685519,2026-10-01 02:15:00+00:00,0.779
685519,2026-10-01 02:00:00+00:00,0.778
685519,2026-10-01 01:45:00+00:00,0.778
685519,2026-10-01 01:30:00+00:00,0.779
685519,2026-10-01 01:15:00+00:00,0.778
685519,2026-10-01 01:00:00+00:00,0.78
685519,2026-10-01 00:45:00+00:00,0.779
685519,2026-10-01 00:30:00+00:00,0.78
685519,2026-10-01 00:15:00+00:00,0.78
685519,2026-10-01 00:00:00+00:00,0.78
685519,2026-09-30 23:45:00+00:00,0.78
685519,2026-09-30 23:30:00+00:00,0.78
685519,2026-09-30 23:15:00+00:00,0.779
685519,2026-09-30 23:00:00+00:00,0.779
685519,2026-09-30 22:45:00+00:00,0.779
685519,2026-09-30 22:30:00+00:00,0.779
685519,2026-09-30 22:15:00+00:00,0.778
685519,2026-09-30 22:00:00+00:00,0.778
685519,2026-09-30 21:45:00+00:00,0.777
685519,2026-09-30 21:30:00+00:00,0.776
685519,2026-09-30 21:15:00+00:00,0.776
685519,2026-09-30 21:00:00+00:00,0.775
685519,2026-09-30 20:45:00+00:00,0.775
685519,2026-09-30 20:15:00+00:00,0.774
685519,2026-09-30 20:00:00+00:00,0.774
685519,2026-09-30 19:45:00+00:00,0.773
685519,2026-09-30 19:30:00+00:00,0.772
685519,2026-09-30 19:15:00+00:00,0.771
685519,2026-09-30 19:00:00+00:00,0.77
685519,2026-09-30 18:45:00+00:00,0.769
685519,2026-09-30 18:30:00+00:00,0.767
685519,2026-09-30 18:15:00+00:00,0.767
685519,2026-09-30 18:00:00+00:00,0.766
685519,2026-09-30 17:45:00+00:00,0.765
685519,2026-09-30 17:30:00+00:00,0.763
685519,2026-09-30 17:15:00+00:00,0.762
685519,2026-09-30 17:00:00+00:00,0.761
685519,2026-09-30 16:45:00+00:00,0.76
685519,2026-09-30 16:30:00+00:00,0.759
685519,2026-09-30 16:15:00+00:00,0.758
685519,2026-09-30 16:00:00+00:00,0.756
685519,2026-09-30 15:45:00+00:00,0.755
685519,2026-09-30 15:30:00+00:00,0.753
685519,2026-09-30 15:15:00+00:00,0.753
685519,2026-09-30 15:00:00+00:00,0.751
685519,2026-09-30 14:45:00+00:00,0.75
685519,2026-09-30 14:30:00+00:00,0.748
685519,2026-09-30 14:15:00+00:00,0.747
685519,2026-09-30 14:00:00+00:00,0.746
685519,2026-09-30 13:45:00+00:00,0.744
685519,2026-09-30 13:30:00+00:00,0.742
685519,2026-09-30 13:15:00+00:00,0.741
685519,2026-09-30 13:00:00+00:00,0.739
685519,2026-09-30 12:45:00+00:00,0.737
685519,2026-09-30 12:30:00+00:00,0.736
685519,2026-09-30 12:15:00+00:00,0.734
685519,2026-09-30 12:00:00+00:00,0.732
685519,2026-09-30 11:45:00+00:00,0.73
685519,2026-09-30 11:30:00+00:00,0.728
685519,2026-09-30 11:15:00+00:00,0.725
685519,2026-09-30 11:00:00+00:00,0.723
685519,2026-09-30 10:45:00+00:00,0.722
685519,2026-09-30 10:30:00+00:00,0.721
685519,2026-09-30 10:15:00+00:00,0.72
685519,2026-09-30 10:00:00+00:00,0.719
685519,2026-09-30 09:45:00+00:00,0.717
685519,2026-09-30 09:30:00+00:00,0.716
685519,2026-09-30 09:15:00+00:00,0.715
685519,2026-09-30 09:00:00+00:00,0.715
685519,2026-09-30 08:45:00+00:00,0.714
685519,2026-09-30 08:30:00+00:00,0.713
685519,2026-09-30 08:15:00+00:00,0.714
685519,2026-09-30 08:00:00+00:00,0.713
685519,2026-09-30 07:45:00+00:00,0.714
685519,2026-09-30 07:30:00+00:00,0.714
685519,2026-09-30 07:15:00+00:00,0.715
685519,2026-09-30 07:00:00+00:00,0.714
685519,2026-09-30 06:45:00+00:00,0.714
685519,2026-09-30 06:30:00+00:00,0.714
685519,2026-09-30 06:15:00+00:00,0.71
685519,2026-09-30 06:00:00+00:00,0.711
685519,2026-09-30 05:45:00+00:00,0.71
685519,2026-09-30 05:30:00+00:00,0.711
685519,2026-09-30 05:15:00+00:00,0.712
685519,2026-09-30 05:00:00+00:00,0.712
685519,2026-09-30 04:45:00+00:00,0.705
685519,2026-09-30 04:30:00+00:00,0.705
685519,2026-09-30 04:15:00+00:00,0.705
685519,2026-09-30 04:00:00+00:00,0.706
685519,2026-09-30 03:45:00+00:00,0.705
685519,2026-09-30 03:30:00+00:00,0.705
685519,2026-09-30 03:15:00+00:00,0.705
685519,2026-09-30 03:00:00+00:00,0.706
685519,2026-09-30 02:45:00+00:00,0.706
685519,2026-09-30 02:30:00+00:00,0.706
685519,2026-09-30 02:15:00+00:00,0.706
685519,2026-09-30 02:00:00+00:00,0.706
685519,2026-09-30 01:45:00+00:00,0.706
685519,2026-09-30 01:30:00+00:00,0.706
685519,2026-09-30 01:15:00+00:00,0.706
685519,2026-09-30 01:00:00+00:00,0.705
685519,2026-09-30 00:45:00+00:00,0.705
685519,2026-09-30 00:30:00+00:00,0.706
685519,2026-09-30 00:15:00+00:00,0.706
685519,2026-09-30 00:00:00+00:00,0.707
685519,2026-09-29 23:45:00+00:00,0.706
685519,2026-09-29 23:30:00+00:00,0.706
685519,2026-09-29 23:15:00+00:00,0.706
685519,2026-09-29 23:00:00+00:00,0.706
685519,2026-09-29 22:45:00+00:00,0.706
685519,2026-09-29 22:30:00+00:00,0.705
685519,2026-09-29 22:15:00+00:00,0.705
685519,2026-09-29 22:00:00+00:00,0.706
685519,2026-09-29 21:45:00+00:00,0.705
685519,2026-09-29 21:30:00+00:00,0.705
685519,2026-09-29 21:15:00+00:00,0.706
685519,2026-09-29 21:00:00+00:00,0.706
685519,2026-09-29 20:45:00+00:00,0.706
685519,2026-09-29 20:30:00+00:00,0.706
685519,2026-09-29 20:15:00+00:00,0.706
685519,2026-09-29 20:00:00+00:00,0.706
685519,2026-09-29 19:45:00+00:00,0.706
685519,2026-09-29 19:30:00+00:00,0.706
685519,2026-09-29 19:15:00+00:00,0.706
685519,2026-09-29 19:00:00+00:00,0.706
685519,2026-09-29 18:45:00+00:00,0.706
685519,2026-09-29 18:30:00+00:00,0.706
685519,2026-09-29 18:15:00+00:00,0.705
685519,2026-09-29 18:00:00+00:00,0.706
685519,2026-09-29 17:45:00+00:00,0.706
685519,2026-09-29 17:30:00+00:00,0.706
685519,2026-09-29 17:15:00+00:00,0.706
685519,2026-09-29 17:00:00+00:00,0.706
685519,2026-09-29 16:45:00+00:00,0.706
685519,2026-09-29 16:30:00+00:00,0.706
685519,2026-09-29 16:15:00+00:00,0.706
685519,2026-09-29 16:00:00+00:00,0.706
685519,2026-09-29 15:45:00+00:00,0.706
685519,2026-09-29 15:30:00+00:00,0.707
685519,2026-09-29 15:15:00+00:00,0.707
685519,2026-09-29 15:00:00+00:00,0.706
685519,2026-09-29 14:45:00+00:00,0.708
685519,2026-09-29 14:30:00+00:00,0.707
685519,2026-09-29 14:15:00+00:00,0.707
685519,2026-09-29 14:00:00+00:00,0.708
685519,2026-09-29 13:45:00+00:00,0.708
685519,2026-09-29 13:30:00+00:00,0.708
685519,2026-09-29 13:15:00+00:00,0.708
685519,2026-09-29 13:00:00+00:00,0.707
685519,2026-09-29 12:45:00+00:00,0.707
685519,2026-09-29 12:30:00+00:00,0.708
685519,2026-09-29 12:15:00+00:00,0.708
685519,2026-09-29 12:00:00+00:00,0.707
685519,2026-09-29 11:45:00+00:00,0.706
685519,2026-09-29 11:30:00+00:00,0.708
685519,2026-09-29 11:15:00+00:00,0.707
685519,2026-09-29 11:00:00+00:00,0.707
685519,2026-09-29 10:45:00+00:00,0.707
685519,2026-09-29 10:30:00+00:00,0.707
685519,2026-09-29 10:15:00+00:00,0.707
685519,2026-09-29 10:00:00+00:00,0.707
685519,2026-09-29 09:45:00+00:00,0.708
685519,2026-09-29 09:30:00+00:00,0.707
685519,2026-09-29 09:15:00+00:00,0.706
685519,2026-09-29 09:00:00+00:00,0.708
685519,2026-09-29 08:45:00+00:00,0.707
685519,2026-09-29 08:30:00+00:00,0.707
685519,2026-09-29 08:15:00+00:00,0.706
685519,2026-09-29 08:00:00+00:00,0.708
685519,2026-09-29 07:45:00+00:00,0.706
685519,2026-09-29 07:30:00+00:00,0.707
685519,2026-09-29 07:15:00+00:00,0.708
685519,2026-09-29 07:00:00+00:00,0.708
685519,2026-09-29 06:45:00+00:00,0.708
685519,2026-09-29 06:30:00+00:00,0.708
685519,2026-09-29 06:15:00+00:00,0.708
685519,2026-09-29 06:00:00+00:00,0.708
685519,2026-09-29 05:45:00+00:00,0.71
685519,2026-09-29 05:30:00+00:00,0.709
685519,2026-09-29 05:15:00+00:00,0.708
685519,2026-09-29 05:00:00+00:00,0.71
685519,2026-09-29 04:45:00+00:00,0.71
685519,2026-09-29 04:30:00+00:00,0.709
685519,2026-09-29 04:15:00+00:00,0.71
685519,2026-09-29 04:00:00+00:00,0.71
685519,2026-09-29 03:45:00+00:00,0.71
685519,2026-09-29 03:30:00+00:00,0.71
685519,2026-09-29 03:15:00+00:00,0.711
685519,2026-09-29 03:00:00+00:00,0.711
685519,2026-09-29 02:45:00+00:00,0.712
685519,2026-09-29 02:30:00+00:00,0.712
685519,2026-09-29 02:15:00+00:00,0.712
685519,2026-09-29 02:00:00+00:00,0.712
685519,2026-09-29 01:45:00+00:00,0.712
685519,2026-09-29 01:30:00+00:00,0.712
685519,2026-09-29 01:15:00+00:00,0.712
685519,2026-09-29 01:00:00+00:00,0.712
685519,2026-09-29 00:45:00+00:00,0.712
685519,2026-09-29 00:30:00+00:00,0.712
685519,2026-09-29 00:15:00+00:00,0.713
685519,2026-09-29 00:00:00+00:00,0.713
685519,2026-09-28 23:45:00+00:00,0.712
685519,2026-09-28 23:30:00+00:00,0.713
685519,2026-09-28 23:15:00+00:00,0.713
685519,2026-09-28 23:00:00+00:00,0.713
685519,2026-09-28 22:45:00+00:00,0.713
685519,2026-09-28 22:30:00+00:00,0.713
685519,2026-09-28 22:15:00+00:00,0.713
685519,2026-09-28 22:00:00+00:00,0.713
685519,2026-09-28 21:45:00+00:00,0.713
685519,2026-09-28 21:30:00+00:00,0.712
685519,2026-09-28 21:15:00+00:00,0.712
685519,2026-09-28 21:00:00+00:00,0.712
685519,2026-09-28 20:45:00+00:00,0.713
685519,2026-09-28 20:30:00+00:00,0.712
685519,2026-09-28 20:15:00+00:00,0.713
685519,2026-09-28 20:00:00+00:00,0.713
685519,2026-09-28 19:45:00+00:00,0.714
685519,2026-09-28 19:30:00+00:00,0.713
685519,2026-09-28 19:15:00+00:00,0.713
685519,2026-09-28 19:00:00+00:00,0.713
685519,2026-09-28 18:45:00+00:00,0.713
685519,2026-09-28 18:30:00+00:00,0.714
685519,2026-09-28 18:15:00+00:00,0.713
685519,2026-09-28 18:00:00+00:00,0.714
685519,2026-09-28 17:45:00+00:00,0.715
685519,2026-09-28 17:30:00+00:00,0.714
685519,2026-09-28 17:15:00+00:00,0.714
685519,2026-09-28 17:00:00+00:00,0.714
685519,2026-09-28 16:45:00+00:00,0.715
685519,2026-09-28 16:30:00+00:00,0.714
685519,2026-09-28 16:15:00+00:00,0.715
685519,2026-09-28 16:00:00+00:00,0.715
685519,2026-09-28 15:45:00+00:00,0.715
685519,2026-09-28 15:30:00+00:00,0.715
685519,2026-09-28 15:15:00+00:00,0.714
685519,2026-09-28 15:00:00+00:00,0.715
685519,2026-09-28 14:45:00+00:00,0.715
685519,2026-09-28 14:30:00+00:00,0.714
685519,2026-09-28 14:15:00+00:00,0.714
685519,2026-09-28 14:00:00+00:00,0.714
685519,2026-09-28 13:45:00+00:00,0.715
685519,2026-09-28 13:30:00+00:00,0.714
685519,2026-09-28 13:15:00+00:00,0.714
685519,2026-09-28 13:00:00+00:00,0.714
685519,2026-09-28 12:45:00+00:00,0.714
685519,2026-09-28 12:30:00+00:00,0.715
685519,2026-09-28 12:15:00+00:00,0.715
685519,2026-09-28 12:00:00+00:00,0.715
685519,2026-09-28 11:45:00+00:00,0.715
685519,2026-09-28 11:30:00+00:00,0.714
685519,2026-09-28 11:15:00+00:00,0.714
685519,2026-09-28 11:00:00+00:00,0.713
685519,2026-09-28 10:45:00+00:00,0.713
685519,2026-09-28 10:30:00+00:00,0.713
685519,2026-09-28 10:15:00+00:00,0.713
685519,2026-09-28 10:00:00+00:00,0.713
685519,2026-09-28 09:45:00+00:00,0.712
685519,2026-09-28 09:30:00+00:00,0.713
685519,2026-09-28 09:15:00+00:00,0.713
685519,2026-09-28 09:00:00+00:00,0.712
685519,2026-09-28 08:45:00+00:00,0.713
685519,2026-09-28 08:30:00+00:00,0.713
685519,2026-09-28 08:15:00+00:00,0.713
685519,2026-09-28 08:00:00+00:00,0.713
685519,2026-09-28 07:45:00+00:00,0.712
685519,2026-09-28 07:30:00+00:00,0.713
685519,2026-09-28 07:15:00+00:00,0.713
685519,2026-09-28 07:00:00+00:00,0.713
685519,2026-09-28 06:45:00+00:00,0.713
685519,2026-09-28 06:30:00+00:00,0.713
685519,2026-09-28 06:15:00+00:00,0.713
685519,2026-09-28 06:00:00+00:00,0.713
685519,2026-09-28 05:45:00+00:00,0.713
685519,2026-09-28 05:30:00+00:00,0.713
685519,2026-09-28 05:15:00+00:00,0.713
685519,2026-09-28 05:00:00+00:00,0.713
685519,2026-09-28 04:45:00+00:00,0.713
685519,2026-09-28 04:30:00+00:00,0.713
685519,2026-09-28 04:15:00+00:00,0.713
685519,2026-09-28 04:00:00+00:00,0.713
685519,2026-09-28 03:45:00+00:00,0.713
685519,2026-09-28 03:30:00+00:00,0.713
685519,2026-09-28 03:15:00+00:00,0.714
685519,2026-09-28 03:00:00+00:00,0.713
685519,2026-09-28 02:45:00+00:00,0.713
685519,2026-09-28 02:30:00+00:00,0.714
685519,2026-09-28 02:15:00+00:00,0.714
685519,2026-09-28 02:00:00+00:00,0.713
685519,2026-09-28 01:45:00+00:00,0.714
685519,2026-09-28 01:30:00+00:00,0.714
685519,2026-09-28 01:15:00+00:00,0.714
685519,2026-09-28 01:00:00+00:00,0.714
685519,2026-09-28 00:45:00+00:00,0.714
685519,2026-09-28 00:30:00+00:00,0.714
685519,2026-09-28 00:15:00+00:00,0.715
685519,2026-09-28 00:00:00+00:00,0.715
685519,2026-09-27 23:45:00+00:00,0.714
685519,2026-09-27 23:30:00+00:00,0.714
685519,2026-09-27 23:15:00+00:00,0.715
685519,2026-09-27 23:00:00+00:00,0.715
685519,2026-09-27 22:45:00+00:00,0.715
685519,2026-09-27 22:30:00+00:00,0.714
685519,2026-09-27 22:15:00+00:00,0.715
685519,2026-09-27 22:00:00+00:00,0.714
685519,2026-09-27 21:45:00+00:00,0.715
685519,2026-09-27 21:30:00+00:00,0.714
685519,2026-09-27 21:15:00+00:00,0.715
685519,2026-09-27 21:00:00+00:00,0.714
685519,2026-09-27 20:45:00+00:00,0.715
685519,2026-09-27 20:30:00+00:00,0.716
685519,2026-09-27 20:15:00+00:00,0.715
685519,2026-09-27 20:00:00+00:00,0.716
685519,2026-09-27 19:45:00+00:00,0.715
685519,2026-09-27 19:30:00+00:00,0.716
685519,2026-09-27 19:15:00+00:00,0.715
685519,2026-09-27 19:00:00+00:00,0.715
685519,2026-09-27 18:45:00+00:00,0.715
685519,2026-09-27 18:30:00+00:00,0.715
685519,2026-09-27 18:15:00+00:00,0.715
685519,2026-09-27 18:00:00+00:00,0.716
685519,2026-09-27 17:45:00+00:00,0.716
685519,2026-09-27 17:30:00+00:00,0.716
685519,2026-09-27 17:15:00+00:00,0.717
685519,2026-09-27 17:00:00+00:00,0.718
685519,2026-09-27 16:45:00+00:00,0.718
685519,2026-09-27 16:30:00+00:00,0.718
685519,2026-09-27 16:15:00+00:00,0.717
685519,2026-09-27 16:00:00+00:00,0.718
685519,2026-09-27 15:45:00+00:00,0.718
685519,2026-09-27 15:30:00+00:00,0.718
685519,2026-09-27 15:15:00+00:00,0.719
685519,2026-09-27 15:00:00+00:00,0.719
685519,2026-09-27 14:45:00+00:00,0.72
685519,2026-09-27 14:30:00+00:00,0.72
685519,2026-09-27 14:15:00+00:00,0.719
685519,2026-09-27 14:00:00+00:00,0.72
685519,2026-09-27 13:45:00+00:00,0.72
685519,2026-09-27 13:30:00+00:00,0.72
685519,2026-09-27 13:15:00+00:00,0.721
685519,2026-09-27 13:00:00+00:00,0.722
685519,2026-09-27 12:45:00+00:00,0.722
685519,2026-09-27 12:30:00+00:00,0.722
685519,2026-09-27 12:15:00+00:00,0.723
685519,2026-09-27 12:00:00+00:00,0.723
685519,2026-09-27 11:45:00+00:00,0.724
685519,2026-09-27 11:30:00+00:00,0.724
685519,2026-09-27 11:15:00+00:00,0.724
685519,2026-09-27 11:00:00+00:00,0.724
685519,2026-09-27 10:45:00+00:00,0.725
685519,2026-09-27 10:30:00+00:00,0.725
685519,2026-09-27 10:15:00+00:00,0.725
685519,2026-09-27 10:00:00+00:00,0.726
685519,2026-09-27 09:45:00+00:00,0.726
685519,2026-09-27 09:30:00+00:00,0.725
685519,2026-09-27 09:15:00+00:00,0.727
685519,2026-09-27 09:00:00+00:00,0.727
685519,2026-09-27 08:45:00+00:00,0.727
685519,2026-09-27 08:30:00+00:00,0.727
685519,2026-09-27 08:15:00+00:00,0.728
685519,2026-09-27 08:00:00+00:00,0.729
685519,2026-09-27 07:45:00+00:00,0.729
685519,2026-09-27 07:30:00+00:00,0.73
685519,2026-09-27 07:15:00+00:00,0.73
685519,2026-09-27 07:00:00+00:00,0.731
685519,2026-09-27 06:45:00+00:00,0.731
685519,2026-09-27 06:30:00+00:00,0.732
685519,2026-09-27 06:15:00+00:00,0.732
685519,2026-09-27 06:00:00+00:00,0.733
685519,2026-09-27 05:45:00+00:00,0.733
685519,2026-09-27 05:30:00+00:00,0.733
685519,2026-09-27 05:15:00+00:00,0.734
685519,2026-09-27 05:00:00+00:00,0.733
685519,2026-09-27 04:45:00+00:00,0.734
685519,2026-09-27 04:30:00+00:00,0.734
685519,2026-09-27 04:15:00+00:00,0.733
685519,2026-09-27 04:00:00+00:00,0.735
685519,2026-09-27 03:45:00+00:00,0.734
685519,2026-09-27 03:30:00+00:00,0.735
685519,2026-09-27 03:15:00+00:00,0.735
685519,2026-09-27 03:00:00+00:00,0.736
685519,2026-09-27 02:45:00+00:00,0.735
685519,2026-09-27 02:30:00+00:00,0.736
685519,2026-09-27 02:15:00+00:00,0.736
685519,2026-09-27 02:00:00+00:00,0.736
685519,2026-09-27 01:45:00+00:00,0.737
685519,2026-09-27 01:30:00+00:00,0.737
685519,2026-09-27 01:15:00+00:00,0.738
685519,2026-09-27 01:00:00+00:00,0.737
685519,2026-09-27 00:45:00+00:00,0.737
685519,2026-09-27 00:30:00+00:00,0.737
685519,2026-09-27 00:15:00+00:00,0.737
685519,2026-09-27 00:00:00+00:00,0.738
685519,2026-09-26 23:45:00+00:00,0.738
685519,2026-09-26 23:30:00+00:00,0.738
685519,2026-09-26 23:15:00+00:00,0.738
685519,2026-09-26 23:00:00+00:00,0.738
685519,2026-09-26 22:45:00+00:00,0.738
685519,2026-09-26 22:30:00+00:00,0.738
685519,2026-09-26 22:15:00+00:00,0.738
685519,2026-09-26 22:00:00+00:00,0.738
685519,2026-09-26 21:45:00+00:00,0.737
685519,2026-09-26 21:30:00+00:00,0.737
685519,2026-09-26 21:15:00+00:00,0.737
685519,2026-09-26 21:00:00+00:00,0.737
685519,2026-09-26 20:45:00+00:00,0.737
685519,2026-09-26 20:30:00+00:00,0.736
685519,2026-09-26 20:15:00+00:00,0.734
685519,2026-09-26 20:00:00+00:00,0.734
685519,2026-09-26 19:45:00+00:00,0.734
685519,2026-09-26 19:30:00+00:00,0.733
685519,2026-09-26 19:15:00+00:00,0.734
685519,2026-09-26 19:00:00+00:00,0.733
685519,2026-09-26 18:45:00+00:00,0.732
685519,2026-09-26 18:30:00+00:00,0.731
685519,2026-09-26 18:15:00+00:00,0.732
685519,2026-09-26 18:00:00+00:00,0.731
685519,2026-09-26 17:45:00+00:00,0.73
685519,2026-09-26 17:30:00+00:00,0.73
685519,2026-09-26 17:15:00+00:00,0.73
685519,2026-09-26 17:00:00+00:00,0.729
685519,2026-09-26 16:45:00+00:00,0.729
685519,2026-09-26 16:30:00+00:00,0.728
685519,2026-09-26 16:15:00+00:00,0.728
685519,2026-09-26 16:00:00+00:00,0.727
685519,2026-09-26 15:45:00+00:00,0.726
685519,2026-09-26 15:30:00+00:00,0.726
685519,2026-09-26 15:15:00+00:00,0.726
685519,2026-09-26 15:00:00+00:00,0.726
685519,2026-09-26 14:45:00+00:00,0.726
685519,2026-09-26 14:30:00+00:00,0.726
685519,2026-09-26 14:15:00+00:00,0.725
685519,2026-09-26 14:00:00+00:00,0.725
685519,2026-09-26 13:45:00+00:00,0.725
685519,2026-09-26 13:30:00+00:00,0.725
685519,2026-09-26 13:15:00+00:00,0.726
685519,2026-09-26 13:00:00+00:00,0.726
685519,2026-09-26 12:45:00+00:00,0.726
685519,2026-09-26 12:30:00+00:00,0.726
685519,2026-09-26 12:15:00+00:00,0.726
685519,2026-09-26 12:00:00+00:00,0.728
685519,2026-09-26 11:45:00+00:00,0.728
685519,2026-09-26 11:30:00+00:00,0.726
685519,2026-09-26 11:15:00+00:00,0.727
685519,2026-09-26 11:00:00+00:00,0.727
685519,2026-09-26 10:45:00+00:00,0.727
685519,2026-09-26 10:30:00+00:00,0.727
685519,2026-09-26 10:15:00+00:00,0.727
685519,2026-09-26 10:00:00+00:00,0.727
685519,2026-09-26 09:45:00+00:00,0.727
685519,2026-09-26 09:30:00+00:00,0.726
685519,2026-09-26 09:15:00+00:00,0.727
685519,2026-09-26 09:00:00+00:00,0.727
685519,2026-09-26 08:45:00+00:00,0.727
682500,2026-10-03 16:15:00+00:00,3.139
682500,2026-10-03 16:00:00+00:00,3.136
682500,2026-10-03 15:30:00+00:00,3.128
682500,2026-10-03 15:15:00+00:00,3.124
682500,2026-10-03 15:00:00+00:00,3.12
682500,2026-10-03 14:45:00+00:00,3.115
682500,2026-10-03 14:30:00+00:00,3.111
682500,2026-10-03 14:15:00+00:00,3.106
682500,2026-10-03 14:00:00+00:00,3.101
682500,2026-10-03 13:45:00+00:00,3.096
682500,2026-10-03 13:30:00+00:00,3.091
682500,2026-10-03 13:15:00+00:00,3.086
682500,2026-10-03 13:00:00+00:00,3.08
682500,2026-10-03 12:45:00+00:00,3.074
682500,2026-10-03 12:30:00+00:00,3.067
682500,2026-10-03 12:15:00+00:00,3.059
682500,2026-10-03 12:00:00+00:00,3.051
682500,2026-10-03 11:45:00+00:00,3.04
682500,2026-10-03 11:30:00+00:00,3.029
682500,2026-10-03 11:15:00+00:00,3.014
682500,2026-10-03 11:00:00+00:00,2.996
682500,2026-10-03 10:45:00+00:00,2.969
682500,2026-10-03 10:30:00+00:00,2.938
682500,2026-10-03 10:15:00+00:00,2.89
682500,2026-10-03 10:00:00+00:00,3.007
682500,2026-10-03 09:45:00+00:00,3.111
682500,2026-10-03 09:30:00+00:00,3.208
682500,2026-10-03 09:15:00+00:00,3.302
682500,2026-10-03 09:00:00+00:00,3.362
682500,2026-10-03 08:45:00+00:00,3.36
682500,2026-10-03 08:30:00+00:00,3.357
682500,2026-10-03 08:15:00+00:00,3.355
682500,2026-10-03 08:00:00+00:00,3.352
682500,2026-10-03 07:45:00+00:00,3.349
682500,2026-10-03 07:30:00+00:00,3.347
682500,2026-10-03 07:15:00+00:00,3.344
682500,2026-10-03 07:00:00+00:00,3.341
682500,2026-10-03 06:45:00+00:00,3.338
682500,2026-10-03 06:30:00+00:00,3.335
682500,2026-10-03 06:15:00+00:00,3.332
682500,2026-10-03 06:00:00+00:00,3.33
682500,2026-10-03 05:45:00+00:00,3.327
682500,2026-10-03 05:30:00+00:00,3.324
682500,2026-10-03 05:15:00+00:00,3.321
682500,2026-10-03 05:00:00+00:00,3.318
682500,2026-10-03 04:45:00+00:00,3.315
682500,2026-10-03 04:30:00+00:00,3.312
682500,2026-10-03 04:15:00+00:00,3.309
682500,2026-10-03 04:00:00+00:00,3.306
682500,2026-10-03 03:45:00+00:00,3.302
682500,2026-10-03 03:30:00+00:00,3.299
682500,2026-10-03 03:15:00+00:00,3.296
682500,2026-10-03 03:00:00+00:00,3.292
682500,2026-10-03 02:45:00+00:00,3.289
682500,2026-10-03 02:30:00+00:00,3.285
682500,2026-10-03 02:15:00+00:00,3.281
682500,2026-10-03 02:00:00+00:00,3.276
682500,2026-10-03 01:45:00+00:00,3.272
682500,2026-10-03 01:30:00+00:00,3.267
682500,2026-10-03 01:15:00+00:00,3.262
682500,2026-10-03 01:00:00+00:00,3.256
682500,2026-10-03 00:45:00+00:00,3.25
682500,2026-10-03 00:30:00+00:00,3.243
682500,2026-10-03 00:00:00+00:00,3.228
682500,2026-10-02 23:45:00+00:00,3.221
682500,2026-10-02 23:30:00+00:00,3.217
682500,2026-10-02 23:15:00+00:00,3.211
682500,2026-10-02 23:00:00+00:00,3.207
682500,2026-10-02 22:45:00+00:00,3.203
682500,2026-10-02 22:30:00+00:00,3.2
682500,2026-10-02 22:15:00+00:00,3.196
682500,2026-10-02 22:00:00+00:00,3.192
682500,2026-10-02 21:45:00+00:00,3.188
682500,2026-10-02 21:30:00+00:00,3.185
682500,2026-10-02 21:15:00+00:00,3.181
682500,2026-10-02 21:00:00+00:00,3.176
682500,2026-10-02 20:45:00+00:00,3.173
682500,2026-10-02 20:30:00+00:00,3.168
682500,2026-10-02 20:15:00+00:00,3.165
682500,2026-10-02 20:00:00+00:00,3.161
682500,2026-10-02 19:45:00+00:00,3.156
682500,2026-10-02 19:30:00+00:00,3.152
682500,2026-10-02 19:15:00+00:00,3.146
682500,2026-10-02 19:00:00+00:00,3.143
682500,2026-10-02 18:45:00+00:00,3.139
682500,2026-10-02 18:30:00+00:00,3.134
682500,2026-10-02 18:15:00+00:00,3.129
682500,2026-10-02 18:00:00+00:00,3.124
682500,2026-10-02 17:45:00+00:00,3.119
682500,2026-10-02 17:30:00+00:00,3.112
682500,2026-10-02 17:15:00+00:00,3.106
682500,2026-10-02 17:00:00+00:00,3.099
682500,2026-10-02 16:45:00+00:00,3.093
682500,2026-10-02 16:30:00+00:00,3.084
682500,2026-10-02 16:15:00+00:00,3.076
682500,2026-10-02 16:00:00+00:00,3.065
682500,2026-10-02 15:45:00+00:00,3.054
682500,2026-10-02 15:30:00+00:00,3.038
682500,2026-10-02 15:15:00+00:00,3.019
682500,2026-10-02 15:00:00+00:00,2.993
682500,2026-10-02 14:45:00+00:00,2.952
682500,2026-10-02 14:30:00+00:00,2.93
682500,2026-10-02 14:15:00+00:00,3.05
682500,2026-10-02 14:00:00+00:00,3.156
682500,2026-10-02 13:45:00+00:00,3.261
682500,2026-10-02 13:30:00+00:00,3.369
682500,2026-10-02 13:15:00+00:00,3.368
682500,2026-10-02 13:00:00+00:00,3.365
682500,2026-10-02 12:45:00+00:00,3.363
682500,2026-10-02 12:30:00+00:00,3.361
682500,2026-10-02 12:15:00+00:00,3.359
682500,2026-10-02 12:00:00+00:00,3.357
682500,2026-10-02 11:45:00+00:00,3.355
682500,2026-10-02 11:30:00+00:00,3.352
682500,2026-10-02 11:15:00+00:00,3.348
682500,2026-10-02 11:00:00+00:00,3.345
682500,2026-10-02 10:45:00+00:00,3.342
682500,2026-10-02 10:30:00+00:00,3.34
682500,2026-10-02 10:15:00+00:00,3.337
682500,2026-10-02 10:00:00+00:00,3.333
682500,2026-10-02 09:45:00+00:00,3.332
682500,2026-10-02 09:30:00+00:00,3.327
682500,2026-10-02 09:15:00+00:00,3.325
682500,2026-10-02 09:00:00+00:00,3.323
682500,2026-10-02 08:45:00+00:00,3.32
682500,2026-10-02 08:30:00+00:00,3.316
682500,2026-10-02 08:15:00+00:00,3.315
682500,2026-10-02 08:00:00+00:00,3.311
682500,2026-10-02 07:45:00+00:00,3.309
682500,2026-10-02 07:30:00+00:00,3.307
682500,2026-10-02 07:15:00+00:00,3.304
682500,2026-10-02 07:00:00+00:00,3.301
682500,2026-10-02 06:45:00+00:00,3.298
682500,2026-10-02 06:30:00+00:00,3.296
682500,2026-10-02 06:15:00+00:00,3.293
682500,2026-10-02 06:00:00+00:00,3.291
682500,2026-10-02 05:45:00+00:00,3.288
682500,2026-10-02 05:30:00+00:00,3.286
682500,2026-10-02 05:15:00+00:00,3.283
682500,2026-10-02 05:00:00+00:00,3.28
682500,2026-10-02 04:45:00+00:00,3.277
682500,2026-10-02 04:30:00+00:00,3.274
682500,2026-10-02 04:15:00+00:00,3.271
682500,2026-10-02 04:00:00+00:00,3.269
682500,2026-10-02 03:45:00+00:00,3.266
682500,2026-10-02 03:30:00+00:00,3.263
682500,2026-10-02 03:15:00+00:00,3.26
682500,2026-10-02 03:00:00+00:00,3.258
682500,2026-10-02 02:45:00+00:00,3.254
682500,2026-10-02 02:30:00+00:00,3.251
682500,2026-10-02 02:15:00+00:00,3.248
682500,2026-10-02 02:00:00+00:00,3.245
682500,2026-10-02 01:45:00+00:00,3.243
682500,2026-10-02 01:30:00+00:00,3.239
682500,2026-10-02 01:15:00+00:00,3.236
682500,2026-10-02 01:00:00+00:00,3.233
682500,2026-10-02 00:45:00+00:00,3.23
682500,2026-10-02 00:30:00+00:00,3.228
682500,2026-10-02 00:15:00+00:00,3.224
682500,2026-10-02 00:00:00+00:00,3.221
682500,2026-10-01 23:45:00+00:00,3.218
682500,2026-10-01 23:30:00+00:00,3.214
682500,2026-10-01 23:15:00+00:00,3.211
682500,2026-10-01 23:00:00+00:00,3.208
682500,2026-10-01 22:45:00+00:00,3.205
682500,2026-10-01 22:30:00+00:00,3.202
682500,2026-10-01 22:15:00+00:00,3.198
682500,2026-10-01 22:00:00+00:00,3.196
682500,2026-10-01 21:45:00+00:00,3.193
682500,2026-10-01 21:30:00+00:00,3.188
682500,2026-10-01 21:15:00+00:00,3.186
682500,2026-10-01 21:00:00+00:00,3.182
682500,2026-10-01 20:45:00+00:00,3.179
682500,2026-10-01 20:30:00+00:00,3.175
682500,2026-10-01 20:15:00+00:00,3.171
682500,2026-10-01 20:00:00+00:00,3.168
682500,2026-10-01 19:45:00+00:00,3.164
682500,2026-10-01 19:30:00+00:00,3.16
682500,2026-10-01 19:15:00+00:00,3.157
682500,2026-10-01 19:00:00+00:00,3.153
682500,2026-10-01 18:45:00+00:00,3.149
682500,2026-10-01 18:30:00+00:00,3.145
682500,2026-10-01 18:15:00+00:00,3.141
682500,2026-10-01 18:00:00+00:00,3.137
682500,2026-10-01 17:45:00+00:00,3.133
682500,2026-10-01 17:30:00+00:00,3.128
682500,2026-10-01 17:15:00+00:00,3.124
682500,2026-10-01 17:00:00+00:00,3.12
682500,2026-10-01 16:45:00+00:00,3.115
682500,2026-10-01 16:30:00+00:00,3.111
682500,2026-10-01 16:15:00+00:00,3.106
682500,2026-10-01 16:00:00+00:00,3.101
682500,2026-10-01 15:45:00+00:00,3.095
682500,2026-10-01 15:30:00+00:00,3.091
682500,2026-10-01 15:15:00+00:00,3.084
682500,2026-10-01 15:00:00+00:00,3.077
682500,2026-10-01 14:45:00+00:00,3.07
682500,2026-10-01 14:30:00+00:00,3.061
682500,2026-10-01 14:15:00+00:00,3.052
682500,2026-10-01 14:00:00+00:00,3.04
682500,2026-10-01 13:45:00+00:00,3.026
682500,2026-10-01 13:30:00+00:00,3.009
682500,2026-10-01 13:15:00+00:00,2.986
682500,2026-10-01 13:00:00+00:00,2.956
682500,2026-10-01 12:45:00+00:00,2.901
682500,2026-10-01 12:30:00+00:00,2.966
682500,2026-10-01 12:15:00+00:00,3.07
682500,2026-10-01 12:00:00+00:00,3.17
682500,2026-10-01 11:45:00+00:00,3.264
682500,2026-10-01 11:30:00+00:00,3.379
682500,2026-10-01 11:15:00+00:00,3.376
682500,2026-10-01 11:00:00+00:00,3.374
682500,2026-10-01 10:45:00+00:00,3.371
682500,2026-10-01 10:30:00+00:00,3.367
682500,2026-10-01 10:15:00+00:00,3.365
682500,2026-10-01 10:00:00+00:00,3.361
682500,2026-10-01 09:45:00+00:00,3.359
682500,2026-10-01 09:30:00+00:00,3.355
682500,2026-10-01 09:15:00+00:00,3.352
682500,2026-10-01 09:00:00+00:00,3.349
682500,2026-10-01 08:45:00+00:00,3.347
682500,2026-10-01 08:30:00+00:00,3.343
682500,2026-10-01 08:15:00+00:00,3.341
682500,2026-10-01 08:00:00+00:00,3.338
682500,2026-10-01 07:45:00+00:00,3.334
682500,2026-10-01 07:30:00+00:00,3.331
682500,2026-10-01 07:15:00+00:00,3.328
682500,2026-10-01 07:00:00+00:00,3.324
682500,2026-10-01 06:45:00+00:00,3.321
682500,2026-10-01 06:30:00+00:00,3.318
682500,2026-10-01 06:15:00+00:00,3.315
682500,2026-10-01 06:00:00+00:00,3.312
682500,2026-10-01 05:45:00+00:00,3.308
682500,2026-10-01 05:30:00+00:00,3.304
682500,2026-10-01 05:15:00+00:00,3.301
682500,2026-10-01 05:00:00+00:00,3.298
682500,2026-10-01 04:45:00+00:00,3.294
682500,2026-10-01 04:30:00+00:00,3.29
682500,2026-10-01 04:15:00+00:00,3.286
682500,2026-10-01 04:00:00+00:00,3.282
682500,2026-10-01 03:45:00+00:00,3.279
682500,2026-10-01 03:30:00+00:00,3.275
682500,2026-10-01 03:15:00+00:00,3.271
682500,2026-10-01 03:00:00+00:00,3.267
682500,2026-10-01 02:45:00+00:00,3.263
682500,2026-10-01 02:30:00+00:00,3.258
682500,2026-10-01 02:15:00+00:00,3.255
682500,2026-10-01 02:00:00+00:00,3.25
682500,2026-10-01 01:45:00+00:00,3.245
682500,2026-10-01 01:30:00+00:00,3.24
682500,2026-10-01 01:15:00+00:00,3.235
682500,2026-10-01 01:00:00+00:00,3.23
682500,2026-10-01 00:45:00+00:00,3.224
682500,2026-10-01 00:30:00+00:00,3.219
682500,2026-10-01 00:15:00+00:00,3.213
682500,2026-10-01 00:00:00+00:00,3.208
682500,2026-09-30 23:45:00+00:00,3.202
682500,2026-09-30 23:30:00+00:00,3.197
682500,2026-09-30 23:15:00+00:00,3.192
682500,2026-09-30 23:00:00+00:00,3.186
682500,2026-09-30 22:45:00+00:00,3.181
682500,2026-09-30 22:30:00+00:00,3.177
682500,2026-09-30 22:15:00+00:00,3.171
682500,2026-09-30 22:00:00+00:00,3.166
682500,2026-09-30 21:45:00+00:00,3.161
682500,2026-09-30 21:30:00+00:00,3.153
682500,2026-09-30 21:15:00+00:00,3.147
682500,2026-09-30 21:00:00+00:00,3.141
682500,2026-09-30 20:45:00+00:00,3.133
682500,2026-09-30 20:15:00+00:00,3.116
682500,2026-09-30 20:00:00+00:00,3.106
682500,2026-09-30 19:45:00+00:00,3.094
682500,2026-09-30 19:30:00+00:00,3.082
682500,2026-09-30 19:15:00+00:00,3.065
682500,2026-09-30 19:00:00+00:00,3.045
682500,2026-09-30 18:45:00+00:00,3.019
682500,2026-09-30 18:30:00+00:00,2.984
682500,2026-09-30 18:15:00+00:00,2.911
682500,2026-09-30 18:00:00+00:00,2.989
682500,2026-09-30 17:45:00+00:00,3.096
682500,2026-09-30 17:30:00+00:00,3.194
682500,2026-09-30 17:15:00+00:00,3.295
682500,2026-09-30 17:00:00+00:00,3.394
682500,2026-09-30 16:45:00+00:00,3.386
682500,2026-09-30 16:30:00+00:00,3.363
682500,2026-09-30 16:15:00+00:00,3.357
682500,2026-09-30 16:00:00+00:00,3.354
682500,2026-09-30 15:45:00+00:00,3.35
682500,2026-09-30 15:30:00+00:00,3.348
682500,2026-09-30 15:15:00+00:00,3.345
682500,2026-09-30 15:00:00+00:00,3.343
682500,2026-09-30 14:45:00+00:00,3.34
682500,2026-09-30 14:30:00+00:00,3.337
682500,2026-09-30 14:15:00+00:00,3.334
682500,2026-09-30 14:00:00+00:00,3.332
682500,2026-09-30 13:45:00+00:00,3.33
682500,2026-09-30 13:30:00+00:00,3.327
682500,2026-09-30 13:15:00+00:00,3.325
682500,2026-09-30 13:00:00+00:00,3.321
682500,2026-09-30 12:45:00+00:00,3.319
682500,2026-09-30 12:30:00+00:00,3.318
682500,2026-09-30 12:15:00+00:00,3.315
682500,2026-09-30 12:00:00+00:00,3.311
682500,2026-09-30 11:45:00+00:00,3.308
682500,2026-09-30 11:15:00+00:00,3.302
682500,2026-09-30 11:00:00+00:00,3.299
682500,2026-09-30 10:45:00+00:00,3.296
682500,2026-09-30 10:30:00+00:00,3.293
682500,2026-09-30 10:15:00+00:00,3.29
682500,2026-09-30 10:00:00+00:00,3.286
682500,2026-09-30 09:45:00+00:00,3.282
682500,2026-09-30 09:30:00+00:00,3.279
682500,2026-09-30 09:15:00+00:00,3.274
682500,2026-09-30 09:00:00+00:00,3.27
682500,2026-09-30 08:45:00+00:00,3.265
682500,2026-09-30 08:30:00+00:00,3.26
682500,2026-09-30 08:15:00+00:00,3.255
682500,2026-09-30 08:00:00+00:00,3.25
682500,2026-09-30 07:45:00+00:00,3.246
682500,2026-09-30 07:30:00+00:00,3.24
682500,2026-09-30 07:15:00+00:00,3.238
682500,2026-09-30 07:00:00+00:00,3.234
682500,2026-09-30 06:45:00+00:00,3.23
682500,2026-09-30 06:30:00+00:00,3.226
682500,2026-09-30 06:15:00+00:00,3.223
682500,2026-09-30 06:00:00+00:00,3.219
682500,2026-09-30 05:45:00+00:00,3.215
682500,2026-09-30 05:30:00+00:00,3.212
682500,2026-09-30 05:15:00+00:00,3.207
682500,2026-09-30 05:00:00+00:00,3.204
682500,2026-09-30 04:45:00+00:00,3.2
682500,2026-09-30 04:30:00+00:00,3.197
682500,2026-09-30 04:15:00+00:00,3.193
682500,2026-09-30 04:00:00+00:00,3.188
682500,2026-09-30 03:45:00+00:00,3.185
682500,2026-09-30 03:30:00+00:00,3.181
682500,2026-09-30 03:15:00+00:00,3.176
682500,2026-09-30 03:00:00+00:00,3.172
682500,2026-09-30 02:45:00+00:00,3.168
682500,2026-09-30 02:30:00+00:00,3.165
682500,2026-09-30 02:15:00+00:00,3.16
682500,2026-09-30 02:00:00+00:00,3.155
682500,2026-09-30 01:45:00+00:00,3.152
682500,2026-09-30 01:30:00+00:00,3.148
682500,2026-09-30 01:15:00+00:00,3.144
682500,2026-09-30 01:00:00+00:00,3.139
682500,2026-09-30 00:45:00+00:00,3.135
682500,2026-09-30 00:30:00+00:00,3.13
682500,2026-09-30 00:15:00+00:00,3.126
682500,2026-09-30 00:00:00+00:00,3.121
682500,2026-09-29 23:45:00+00:00,3.116
682500,2026-09-29 23:30:00+00:00,3.111
682500,2026-09-29 23:15:00+00:00,3.106
682500,2026-09-29 23:00:00+00:00,3.1
682500,2026-09-29 22:45:00+00:00,3.095
682500,2026-09-29 22:30:00+00:00,3.088
682500,2026-09-29 22:15:00+00:00,3.081
682500,2026-09-29 22:00:00+00:00,3.076
682500,2026-09-29 21:45:00+00:00,3.068
682500,2026-09-29 21:30:00+00:00,3.06
682500,2026-09-29 21:15:00+00:00,3.051
682500,2026-09-29 21:00:00+00:00,3.04
682500,2026-09-29 20:45:00+00:00,3.027
682500,2026-09-29 20:30:00+00:00,3.011
682500,2026-09-29 20:15:00+00:00,2.991
682500,2026-09-29 20:00:00+00:00,2.965
682500,2026-09-29 19:45:00+00:00,2.923
682500,2026-09-29 19:30:00+00:00,2.894
682500,2026-09-29 19:15:00+00:00,3.009
682500,2026-09-29 19:00:00+00:00,3.112
682500,2026-09-29 18:45:00+00:00,3.206
682500,2026-09-29 18:30:00+00:00,3.3
682500,2026-09-29 18:15:00+00:00,3.399
682500,2026-09-29 18:00:00+00:00,3.398
682500,2026-09-29 17:45:00+00:00,3.395
682500,2026-09-29 17:30:00+00:00,3.393
682500,2026-09-29 17:15:00+00:00,3.39
682500,2026-09-29 17:00:00+00:00,3.388
682500,2026-09-29 16:45:00+00:00,3.386
682500,2026-09-29 16:30:00+00:00,3.383
682500,2026-09-29 16:15:00+00:00,3.381
682500,2026-09-29 16:00:00+00:00,3.378
682500,2026-09-29 15:45:00+00:00,3.375
682500,2026-09-29 15:30:00+00:00,3.373
682500,2026-09-29 15:15:00+00:00,3.371
682500,2026-09-29 15:00:00+00:00,3.368
682500,2026-09-29 14:45:00+00:00,3.366
682500,2026-09-29 14:30:00+00:00,3.362
682500,2026-09-29 14:15:00+00:00,3.36
682500,2026-09-29 14:00:00+00:00,3.357
682500,2026-09-29 13:45:00+00:00,3.354
682500,2026-09-29 13:30:00+00:00,3.35
682500,2026-09-29 13:15:00+00:00,3.349
682500,2026-09-29 13:00:00+00:00,3.345
682500,2026-09-29 12:45:00+00:00,3.343
682500,2026-09-29 12:30:00+00:00,3.34
682500,2026-09-29 12:15:00+00:00,3.337
682500,2026-09-29 12:00:00+00:00,3.334
682500,2026-09-29 11:45:00+00:00,3.331
682500,2026-09-29 11:30:00+00:00,3.329
682500,2026-09-29 11:15:00+00:00,3.324
682500,2026-09-29 11:00:00+00:00,3.322
682500,2026-09-29 10:45:00+00:00,3.319
682500,2026-09-29 10:30:00+00:00,3.317
682500,2026-09-29 10:15:00+00:00,3.313
682500,2026-09-29 10:00:00+00:00,3.31
682500,2026-09-29 09:45:00+00:00,3.306
682500,2026-09-29 09:30:00+00:00,3.304
682500,2026-09-29 09:15:00+00:00,3.3
682500,2026-09-29 09:00:00+00:00,3.297
682500,2026-09-29 08:45:00+00:00,3.293
682500,2026-09-29 08:30:00+00:00,3.29
682500,2026-09-29 08:15:00+00:00,3.287
682500,2026-09-29 08:00:00+00:00,3.283
682500,2026-09-29 07:45:00+00:00,3.28
682500,2026-09-29 07:30:00+00:00,3.276
682500,2026-09-29 07:15:00+00:00,3.273
682500,2026-09-29 07:00:00+00:00,3.269
682500,2026-09-29 06:45:00+00:00,3.266
682500,2026-09-29 06:30:00+00:00,3.262
682500,2026-09-29 06:15:00+00:00,3.259
682500,2026-09-29 06:00:00+00:00,3.255
682500,2026-09-29 05:45:00+00:00,3.252
682500,2026-09-29 05:30:00+00:00,3.247
682500,2026-09-29 05:15:00+00:00,3.244
682500,2026-09-29 05:00:00+00:00,3.24
682500,2026-09-29 04:45:00+00:00,3.236
682500,2026-09-29 04:30:00+00:00,3.232
682500,2026-09-29 04:15:00+00:00,3.228
682500,2026-09-29 04:00:00+00:00,3.224
682500,2026-09-29 03:45:00+00:00,3.22
682500,2026-09-29 03:30:00+00:00,3.216
682500,2026-09-29 03:15:00+00:00,3.212
682500,2026-09-29 03:00:00+00:00,3.208
682500,2026-09-29 02:45:00+00:00,3.204
682500,2026-09-29 02:30:00+00:00,3.2
682500,2026-09-29 02:15:00+00:00,3.196
682500,2026-09-29 02:00:00+00:00,3.191
682500,2026-09-29 01:45:00+00:00,3.187
682500,2026-09-29 01:30:00+00:00,3.183
682500,2026-09-29 01:15:00+00:00,3.178
682500,2026-09-29 01:00:00+00:00,3.174
682500,2026-09-29 00:45:00+00:00,3.17
682500,2026-09-29 00:30:00+00:00,3.165
682500,2026-09-29 00:15:00+00:00,3.161
682500,2026-09-29 00:00:00+00:00,3.156
682500,2026-09-28 23:45:00+00:00,3.151
682500,2026-09-28 23:30:00+00:00,3.146
682500,2026-09-28 23:15:00+00:00,3.141
682500,2026-09-28 23:00:00+00:00,3.136
682500,2026-09-28 22:45:00+00:00,3.131
682500,2026-09-28 22:30:00+00:00,3.126
682500,2026-09-28 22:15:00+00:00,3.12
682500,2026-09-28 22:00:00+00:00,3.114
682500,2026-09-28 21:45:00+00:00,3.108
682500,2026-09-28 21:30:00+00:00,3.102
682500,2026-09-28 21:15:00+00:00,3.095
682500,2026-09-28 21:00:00+00:00,3.088
682500,2026-09-28 20:45:00+00:00,3.08
682500,2026-09-28 20:30:00+00:00,3.071
682500,2026-09-28 20:15:00+00:00,3.061
682500,2026-09-28 20:00:00+00:00,3.049
682500,2026-09-28 19:45:00+00:00,3.036
682500,2026-09-28 19:30:00+00:00,3.019
682500,2026-09-28 19:15:00+00:00,2.996
682500,2026-09-28 19:00:00+00:00,2.966
682500,2026-09-28 18:45:00+00:00,2.907
682500,2026-09-28 18:30:00+00:00,2.939
682500,2026-09-28 18:15:00+00:00,3.056
682500,2026-09-28 18:00:00+00:00,3.164
682500,2026-09-28 17:45:00+00:00,3.268
682500,2026-09-28 17:30:00+00:00,3.375
682500,2026-09-28 17:15:00+00:00,3.373
682500,2026-09-28 17:00:00+00:00,3.371
682500,2026-09-28 16:45:00+00:00,3.369
682500,2026-09-28 16:30:00+00:00,3.367
682500,2026-09-28 16:15:00+00:00,3.365
682500,2026-09-28 16:00:00+00:00,3.363
682500,2026-09-28 15:45:00+00:00,3.361
682500,2026-09-28 15:30:00+00:00,3.359
682500,2026-09-28 15:15:00+00:00,3.357
682500,2026-09-28 15:00:00+00:00,3.354
682500,2026-09-28 14:45:00+00:00,3.352
682500,2026-09-28 14:30:00+00:00,3.349
682500,2026-09-28 14:15:00+00:00,3.347
682500,2026-09-28 14:00:00+00:00,3.344
682500,2026-09-28 13:45:00+00:00,3.343
682500,2026-09-28 13:30:00+00:00,3.341
682500,2026-09-28 13:15:00+00:00,3.338
682500,2026-09-28 13:00:00+00:00,3.336
682500,2026-09-28 12:45:00+00:00,3.335
682500,2026-09-28 12:30:00+00:00,3.332
682500,2026-09-28 12:15:00+00:00,3.329
682500,2026-09-28 12:00:00+00:00,3.326
682500,2026-09-28 11:45:00+00:00,3.323
682500,2026-09-28 11:30:00+00:00,3.322
682500,2026-09-28 11:15:00+00:00,3.319
682500,2026-09-28 11:00:00+00:00,3.317
682500,2026-09-28 10:45:00+00:00,3.313
682500,2026-09-28 10:30:00+00:00,3.31
682500,2026-09-28 10:15:00+00:00,3.308
682500,2026-09-28 10:00:00+00:00,3.305
682500,2026-09-28 09:45:00+00:00,3.302
682500,2026-09-28 09:30:00+00:00,3.3
682500,2026-09-28 09:15:00+00:00,3.297
682500,2026-09-28 09:00:00+00:00,3.294
682500,2026-09-28 08:45:00+00:00,3.291
682500,2026-09-28 08:30:00+00:00,3.288
682500,2026-09-28 08:15:00+00:00,3.285
682500,2026-09-28 08:00:00+00:00,3.282
682500,2026-09-28 07:45:00+00:00,3.279
682500,2026-09-28 07:30:00+00:00,3.277
682500,2026-09-28 07:15:00+00:00,3.273
682500,2026-09-28 07:00:00+00:00,3.27
682500,2026-09-28 06:45:00+00:00,3.267
682500,2026-09-28 06:30:00+00:00,3.264
682500,2026-09-28 06:15:00+00:00,3.262
682500,2026-09-28 06:00:00+00:00,3.258
682500,2026-09-28 05:45:00+00:00,3.255
682500,2026-09-28 05:30:00+00:00,3.252
682500,2026-09-28 05:15:00+00:00,3.249
682500,2026-09-28 05:00:00+00:00,3.246
682500,2026-09-28 04:45:00+00:00,3.243
682500,2026-09-28 04:30:00+00:00,3.24
682500,2026-09-28 04:15:00+00:00,3.236
682500,2026-09-28 04:00:00+00:00,3.233
682500,2026-09-28 03:45:00+00:00,3.23
682500,2026-09-28 03:30:00+00:00,3.227
682500,2026-09-28 03:15:00+00:00,3.223
682500,2026-09-28 03:00:00+00:00,3.22
682500,2026-09-28 02:45:00+00:00,3.217
682500,2026-09-28 02:30:00+00:00,3.214
682500,2026-09-28 02:15:00+00:00,3.21
682500,2026-09-28 02:00:00+00:00,3.207
682500,2026-09-28 01:45:00+00:00,3.203
682500,2026-09-28 01:30:00+00:00,3.2
682500,2026-09-28 01:15:00+00:00,3.196
682500,2026-09-28 01:00:00+00:00,3.192
682500,2026-09-28 00:45:00+00:00,3.189
682500,2026-09-28 00:30:00+00:00,3.185
682500,2026-09-28 00:15:00+00:00,3.181
682500,2026-09-28 00:00:00+00:00,3.178
682500,2026-09-27 23:45:00+00:00,3.174
682500,2026-09-27 23:30:00+00:00,3.17
682500,2026-09-27 23:15:00+00:00,3.166
682500,2026-09-27 23:00:00+00:00,3.163
682500,2026-09-27 22:45:00+00:00,3.158
682500,2026-09-27 22:30:00+00:00,3.155
682500,2026-09-27 22:15:00+00:00,3.15
682500,2026-09-27 22:00:00+00:00,3.146
682500,2026-09-27 21:45:00+00:00,3.142
682500,2026-09-27 21:30:00+00:00,3.137
682500,2026-09-27 21:15:00+00:00,3.133
682500,2026-09-27 21:00:00+00:00,3.128
682500,2026-09-27 20:45:00+00:00,3.124
682500,2026-09-27 20:30:00+00:00,3.119
682500,2026-09-27 20:15:00+00:00,3.114
682500,2026-09-27 20:00:00+00:00,3.109
682500,2026-09-27 19:45:00+00:00,3.103
682500,2026-09-27 19:30:00+00:00,3.097
682500,2026-09-27 19:15:00+00:00,3.091
682500,2026-09-27 19:00:00+00:00,3.085
682500,2026-09-27 18:45:00+00:00,3.078
682500,2026-09-27 18:30:00+00:00,3.071
682500,2026-09-27 18:15:00+00:00,3.062
682500,2026-09-27 18:00:00+00:00,3.053
682500,2026-09-27 17:45:00+00:00,3.042
682500,2026-09-27 17:30:00+00:00,3.029
682500,2026-09-27 17:15:00+00:00,3.012
682500,2026-09-27 17:00:00+00:00,2.991
682500,2026-09-27 16:45:00+00:00,2.963
682500,2026-09-27 16:30:00+00:00,2.91
682500,2026-09-27 16:15:00+00:00,2.933
682500,2026-09-27 16:00:00+00:00,3.045
682500,2026-09-27 15:45:00+00:00,3.144
682500,2026-09-27 15:30:00+00:00,3.236
682500,2026-09-27 15:15:00+00:00,3.328
682500,2026-09-27 15:00:00+00:00,3.395
682500,2026-09-27 14:45:00+00:00,3.392
682500,2026-09-27 14:30:00+00:00,3.389
682500,2026-09-27 14:15:00+00:00,3.386
682500,2026-09-27 14:00:00+00:00,3.384
682500,2026-09-27 13:45:00+00:00,3.381
682500,2026-09-27 13:30:00+00:00,3.379
682500,2026-09-27 13:15:00+00:00,3.376
682500,2026-09-27 13:00:00+00:00,3.373
682500,2026-09-27 12:45:00+00:00,3.371
682500,2026-09-27 12:30:00+00:00,3.368
682500,2026-09-27 12:15:00+00:00,3.365
682500,2026-09-27 12:00:00+00:00,3.362
682500,2026-09-27 11:45:00+00:00,3.358
682500,2026-09-27 11:30:00+00:00,3.356
682500,2026-09-27 11:15:00+00:00,3.353
682500,2026-09-27 11:00:00+00:00,3.352
682500,2026-09-27 10:45:00+00:00,3.348
682500,2026-09-27 10:30:00+00:00,3.345
682500,2026-09-27 10:15:00+00:00,3.343
682500,2026-09-27 10:00:00+00:00,3.338
682500,2026-09-27 09:45:00+00:00,3.335
682500,2026-09-27 09:30:00+00:00,3.333
682500,2026-09-27 09:15:00+00:00,3.328
682500,2026-09-27 09:00:00+00:00,3.326
682500,2026-09-27 08:45:00+00:00,3.323
682500,2026-09-27 08:30:00+00:00,3.319
682500,2026-09-27 08:15:00+00:00,3.317
682500,2026-09-27 08:00:00+00:00,3.313
682500,2026-09-27 07:45:00+00:00,3.31
682500,2026-09-27 07:30:00+00:00,3.307
682500,2026-09-27 07:15:00+00:00,3.304
682500,2026-09-27 07:00:00+00:00,3.3
682500,2026-09-27 06:45:00+00:00,3.296
682500,2026-09-27 06:30:00+00:00,3.292
682500,2026-09-27 06:15:00+00:00,3.289
682500,2026-09-27 06:00:00+00:00,3.285
682500,2026-09-27 05:45:00+00:00,3.283
682500,2026-09-27 05:30:00+00:00,3.279
682500,2026-09-27 05:15:00+00:00,3.276
682500,2026-09-27 05:00:00+00:00,3.272
682500,2026-09-27 04:45:00+00:00,3.268
682500,2026-09-27 04:30:00+00:00,3.264
682500,2026-09-27 04:15:00+00:00,3.26
682500,2026-09-27 04:00:00+00:00,3.257
682500,2026-09-27 03:45:00+00:00,3.254
682500,2026-09-27 03:30:00+00:00,3.25
682500,2026-09-27 03:15:00+00:00,3.246
682500,2026-09-27 03:00:00+00:00,3.242
682500,2026-09-27 02:45:00+00:00,3.238
682500,2026-09-27 02:30:00+00:00,3.234
682500,2026-09-27 02:15:00+00:00,3.23
682500,2026-09-27 02:00:00+00:00,3.227
682500,2026-09-27 01:45:00+00:00,3.222
682500,2026-09-27 01:30:00+00:00,3.219
682500,2026-09-27 01:15:00+00:00,3.215
682500,2026-09-27 01:00:00+00:00,3.21
682500,2026-09-27 00:45:00+00:00,3.206
682500,2026-09-27 00:30:00+00:00,3.202
682500,2026-09-27 00:15:00+00:00,3.197
682500,2026-09-27 00:00:00+00:00,3.193
682500,2026-09-26 23:45:00+00:00,3.189
682500,2026-09-26 23:30:00+00:00,3.185
682500,2026-09-26 23:15:00+00:00,3.18
682500,2026-09-26 23:00:00+00:00,3.176
682500,2026-09-26 22:45:00+00:00,3.171
682500,2026-09-26 22:30:00+00:00,3.167
682500,2026-09-26 22:15:00+00:00,3.162
682500,2026-09-26 22:00:00+00:00,3.157
682500,2026-09-26 21:45:00+00:00,3.153
682500,2026-09-26 21:30:00+00:00,3.148
682500,2026-09-26 21:15:00+00:00,3.142
682500,2026-09-26 21:00:00+00:00,3.137
682500,2026-09-26 20:45:00+00:00,3.132
682500,2026-09-26 20:30:00+00:00,3.126
682500,2026-09-26 20:15:00+00:00,3.12
682500,2026-09-26 20:00:00+00:00,3.114
682500,2026-09-26 19:45:00+00:00,3.108
682500,2026-09-26 19:30:00+00:00,3.102
682500,2026-09-26 19:15:00+00:00,3.095
682500,2026-09-26 19:00:00+00:00,3.088
682500,2026-09-26 18:45:00+00:00,3.08
682500,2026-09-26 18:30:00+00:00,3.07
682500,2026-09-26 18:15:00+00:00,3.06
682500,2026-09-26 18:00:00+00:00,3.049
682500,2026-09-26 17:45:00+00:00,3.035
682500,2026-09-26 17:30:00+00:00,3.018
682500,2026-09-26 17:15:00+00:00,2.995
682500,2026-09-26 17:00:00+00:00,2.966
682500,2026-09-26 16:45:00+00:00,2.921
682500,2026-09-26 16:30:00+00:00,2.916
682500,2026-09-26 16:15:00+00:00,3.036
682500,2026-09-26 16:00:00+00:00,3.147
682500,2026-09-26 15:45:00+00:00,3.249
682500,2026-09-26 15:30:00+00:00,3.376
682500,2026-09-26 15:15:00+00:00,3.376
682500,2026-09-26 15:00:00+00:00,3.373
682500,2026-09-26 14:45:00+00:00,3.372
682500,2026-09-26 14:30:00+00:00,3.37
682500,2026-09-26 14:15:00+00:00,3.368
682500,2026-09-26 14:00:00+00:00,3.366
682500,2026-09-26 13:45:00+00:00,3.363
682500,2026-09-26 13:30:00+00:00,3.36
682500,2026-09-26 13:15:00+00:00,3.359
682500,2026-09-26 13:00:00+00:00,3.356
682500,2026-09-26 12:45:00+00:00,3.356
682500,2026-09-26 12:30:00+00:00,3.352
682500,2026-09-26 12:15:00+00:00,3.35
682500,2026-09-26 12:00:00+00:00,3.349
682500,2026-09-26 11:45:00+00:00,3.346
682500,2026-09-26 11:30:00+00:00,3.343
682500,2026-09-26 11:15:00+00:00,3.341
682500,2026-09-26 11:00:00+00:00,3.338
682500,2026-09-26 10:45:00+00:00,3.337
682500,2026-09-26 10:30:00+00:00,3.334
682500,2026-09-26 10:15:00+00:00,3.331
682500,2026-09-26 10:00:00+00:00,3.329
682500,2026-09-26 09:45:00+00:00,3.326
682500,2026-09-26 09:30:00+00:00,3.323
682500,2026-09-26 09:15:00+00:00,3.322
682500,2026-09-26 09:00:00+00:00,3.319
682500,2026-09-26 08:45:00+00:00,3.316
682500,2026-09-26 08:30:00+00:00,3.315
685502,2026-10-03 16:15:00+00:00,0.043
685502,2026-10-03 16:00:00+00:00,0.044
685502,2026-10-03 15:30:00+00:00,0.044
685502,2026-10-03 15:15:00+00:00,0.044
685502,2026-10-03 15:00:00+00:00,0.045
685502,2026-10-03 14:45:00+00:00,0.045
685502,2026-10-03 14:30:00+00:00,0.046
685502,2026-10-03 14:15:00+00:00,0.047
685502,2026-10-03 14:00:00+00:00,0.046
685502,2026-10-03 13:45:00+00:00,0.046
685502,2026-10-03 13:30:00+00:00,0.046
685502,2026-10-03 13:15:00+00:00,0.047
685502,2026-10-03 13:00:00+00:00,0.047
685502,2026-10-03 12:45:00+00:00,0.047
685502,2026-10-03 12:30:00+00:00,0.047
685502,2026-10-03 12:15:00+00:00,0.048
685502,2026-10-03 12:00:00+00:00,0.048
685502,2026-10-03 11:45:00+00:00,0.048
685502,2026-10-03 11:30:00+00:00,0.049
685502,2026-10-03 11:15:00+00:00,0.049
685502,2026-10-03 11:00:00+00:00,0.049
685502,2026-10-03 10:45:00+00:00,0.05
685502,2026-10-03 10:30:00+00:00,0.05
685502,2026-10-03 10:15:00+00:00,0.051
685502,2026-10-03 10:00:00+00:00,0.052
685502,2026-10-03 09:45:00+00:00,0.052
685502,2026-10-03 09:30:00+00:00,0.051
685502,2026-10-03 09:15:00+00:00,0.052
685502,2026-10-03 09:00:00+00:00,0.052
685502,2026-10-03 08:45:00+00:00,0.053
685502,2026-10-03 08:30:00+00:00,0.053
685502,2026-10-03 08:15:00+00:00,0.054
685502,2026-10-03 08:00:00+00:00,0.055
685502,2026-10-03 07:45:00+00:00,0.055
685502,2026-10-03 07:30:00+00:00,0.056
685502,2026-10-03 07:15:00+00:00,0.056
685502,2026-10-03 07:00:00+00:00,0.057
685502,2026-10-03 06:45:00+00:00,0.058
685502,2026-10-03 06:30:00+00:00,0.058
685502,2026-10-03 06:15:00+00:00,0.059
685502,2026-10-03 06:00:00+00:00,0.06
685502,2026-10-03 05:45:00+00:00,0.062
685502,2026-10-03 05:30:00+00:00,0.062
685502,2026-10-03 05:15:00+00:00,0.063
685502,2026-10-03 05:00:00+00:00,0.065
685502,2026-10-03 04:45:00+00:00,0.066
685502,2026-10-03 04:30:00+00:00,0.067
685502,2026-10-03 04:15:00+00:00,0.068
685502,2026-10-03 04:00:00+00:00,0.07
685502,2026-10-03 03:45:00+00:00,0.071
685502,2026-10-03 03:30:00+00:00,0.074
685502,2026-10-03 03:15:00+00:00,0.076
685502,2026-10-03 03:00:00+00:00,0.078
685502,2026-10-03 02:45:00+00:00,0.081
685502,2026-10-03 02:30:00+00:00,0.084
685502,2026-10-03 02:15:00+00:00,0.087
685502,2026-10-03 02:00:00+00:00,0.091
685502,2026-10-03 01:45:00+00:00,0.095
685502,2026-10-03 01:30:00+00:00,0.1
685502,2026-10-03 01:15:00+00:00,0.106
685502,2026-10-03 01:00:00+00:00,0.055
685502,2026-10-03 00:45:00+00:00,0.058
685502,2026-10-03 00:30:00+00:00,0.049
685502,2026-10-03 00:00:00+00:00,0.042
685502,2026-10-02 23:45:00+00:00,0.04
685502,2026-10-02 23:30:00+00:00,0.039
685502,2026-10-02 23:15:00+00:00,0.039
685502,2026-10-02 23:00:00+00:00,0.037
685502,2026-10-02 22:45:00+00:00,0.031
685502,2026-10-02 22:30:00+00:00,0.031
685502,2026-10-02 22:15:00+00:00,0.031
685502,2026-10-02 22:00:00+00:00,0.031
685502,2026-10-02 21:45:00+00:00,0.031
685502,2026-10-02 21:30:00+00:00,0.031
685502,2026-10-02 21:15:00+00:00,0.032
685502,2026-10-02 21:00:00+00:00,0.032
685502,2026-10-02 20:45:00+00:00,0.032
685502,2026-10-02 20:30:00+00:00,0.032
685502,2026-10-02 20:15:00+00:00,0.032
685502,2026-10-02 20:00:00+00:00,0.032
685502,2026-10-02 19:45:00+00:00,0.032
685502,2026-10-02 19:30:00+00:00,0.033
685502,2026-10-02 19:15:00+00:00,0.033
685502,2026-10-02 19:00:00+00:00,0.033
685502,2026-10-02 18:45:00+00:00,0.033
685502,2026-10-02 18:30:00+00:00,0.033
685502,2026-10-02 18:15:00+00:00,0.033
685502,2026-10-02 18:00:00+00:00,0.034
685502,2026-10-02 17:45:00+00:00,0.035
685502,2026-10-02 17:30:00+00:00,0.035
685502,2026-10-02 17:15:00+00:00,0.035
685502,2026-10-02 17:00:00+00:00,0.036
685502,2026-10-02 16:45:00+00:00,0.036
685502,2026-10-02 16:30:00+00:00,0.036
685502,2026-10-02 16:15:00+00:00,0.037
685502,2026-10-02 16:00:00+00:00,0.037
685502,2026-10-02 15:45:00+00:00,0.037
685502,2026-10-02 15:30:00+00:00,0.037
685502,2026-10-02 15:15:00+00:00,0.038
685502,2026-10-02 15:00:00+00:00,0.038
685502,2026-10-02 14:45:00+00:00,0.038
685502,2026-10-02 14:30:00+00:00,0.039
685502,2026-10-02 14:15:00+00:00,0.039
685502,2026-10-02 14:00:00+00:00,0.04
685502,2026-10-02 13:45:00+00:00,0.04
685502,2026-10-02 13:30:00+00:00,0.041
685502,2026-10-02 13:15:00+00:00,0.042
685502,2026-10-02 13:00:00+00:00,0.042
685502,2026-10-02 12:45:00+00:00,0.041
685502,2026-10-02 12:30:00+00:00,0.04
685502,2026-10-02 12:15:00+00:00,0.04
685502,2026-10-02 12:00:00+00:00,0.04
685502,2026-10-02 11:45:00+00:00,0.039
685502,2026-10-02 11:30:00+00:00,0.039
685502,2026-10-02 11:15:00+00:00,0.039
685502,2026-10-02 11:00:00+00:00,0.039
685502,2026-10-02 10:45:00+00:00,0.039
685502,2026-10-02 10:30:00+00:00,0.039
685502,2026-10-02 10:15:00+00:00,0.04
685502,2026-10-02 10:00:00+00:00,0.04
685502,2026-10-02 09:45:00+00:00,0.04
685502,2026-10-02 09:30:00+00:00,0.04
685502,2026-10-02 09:15:00+00:00,0.04
685502,2026-10-02 09:00:00+00:00,0.039
685502,2026-10-02 08:45:00+00:00,0.038
685502,2026-10-02 08:30:00+00:00,0.038
685502,2026-10-02 08:15:00+00:00,0.038
685502,2026-10-02 08:00:00+00:00,0.038
685502,2026-10-02 07:45:00+00:00,0.038
685502,2026-10-02 07:30:00+00:00,0.037
685502,2026-10-02 07:15:00+00:00,0.036
685502,2026-10-02 07:00:00+00:00,0.036
685502,2026-10-02 06:45:00+00:00,0.036
685502,2026-10-02 06:30:00+00:00,0.036
685502,2026-10-02 06:15:00+00:00,0.036
685502,2026-10-02 06:00:00+00:00,0.036
685502,2026-10-02 05:45:00+00:00,0.036
685502,2026-10-02 05:30:00+00:00,0.036
685502,2026-10-02 05:15:00+00:00,0.036
685502,2026-10-02 05:00:00+00:00,0.036
685502,2026-10-02 04:45:00+00:00,0.035
685502,2026-10-02 04:30:00+00:00,0.033
685502,2026-10-02 04:15:00+00:00,0.031
685502,2026-10-02 04:00:00+00:00,0.031
685502,2026-10-02 03:45:00+00:00,0.03
685502,2026-10-02 03:30:00+00:00,0.03
685502,2026-10-02 03:15:00+00:00,0.03
685502,2026-10-02 03:00:00+00:00,0.03
685502,2026-10-02 02:45:00+00:00,0.03
685502,2026-10-02 02:30:00+00:00,0.03
685502,2026-10-02 02:15:00+00:00,0.03
685502,2026-10-02 02:00:00+00:00,0.03
685502,2026-10-02 01:45:00+00:00,0.03
685502,2026-10-02 01:30:00+00:00,0.031
685502,2026-10-02 01:15:00+00:00,0.031
685502,2026-10-02 01:00:00+00:00,0.031
685502,2026-10-02 00:45:00+00:00,0.031
685502,2026-10-02 00:30:00+00:00,0.032
685502,2026-10-02 00:15:00+00:00,0.032
685502,2026-10-02 00:00:00+00:00,0.032
685502,2026-10-01 23:45:00+00:00,0.032
685502,2026-10-01 23:30:00+00:00,0.032
685502,2026-10-01 23:15:00+00:00,0.032
685502,2026-10-01 23:00:00+00:00,0.032
685502,2026-10-01 22:45:00+00:00,0.032
685502,2026-10-01 22:30:00+00:00,0.032
685502,2026-10-01 22:15:00+00:00,0.032
685502,2026-10-01 22:00:00+00:00,0.032
685502,2026-10-01 21:45:00+00:00,0.033
685502,2026-10-01 21:30:00+00:00,0.033
685502,2026-10-01 21:15:00+00:00,0.033
685502,2026-10-01 21:00:00+00:00,0.034
685502,2026-10-01 20:45:00+00:00,0.034
685502,2026-10-01 20:30:00+00:00,0.034
685502,2026-10-01 20:15:00+00:00,0.034
685502,2026-10-01 20:00:00+00:00,0.034
685502,2026-10-01 19:45:00+00:00,0.034
685502,2026-10-01 19:30:00+00:00,0.034
685502,2026-10-01 19:15:00+00:00,0.035
685502,2026-10-01 19:00:00+00:00,0.036
685502,2026-10-01 18:45:00+00:00,0.037
685502,2026-10-01 18:30:00+00:00,0.037
685502,2026-10-01 18:15:00+00:00,0.037
685502,2026-10-01 18:00:00+00:00,0.037
685502,2026-10-01 17:45:00+00:00,0.035
685502,2026-10-01 17:30:00+00:00,0.035
685502,2026-10-01 17:15:00+00:00,0.035
685502,2026-10-01 17:00:00+00:00,0.036
685502,2026-10-01 16:45:00+00:00,0.036
685502,2026-10-01 16:30:00+00:00,0.036
685502,2026-10-01 16:15:00+00:00,0.036
685502,2026-10-01 16:00:00+00:00,0.037
685502,2026-10-01 15:45:00+00:00,0.037
685502,2026-10-01 15:30:00+00:00,0.037
685502,2026-10-01 15:15:00+00:00,0.037
685502,2026-10-01 15:00:00+00:00,0.038
685502,2026-10-01 14:45:00+00:00,0.038
685502,2026-10-01 14:30:00+00:00,0.039
685502,2026-10-01 14:15:00+00:00,0.039
685502,2026-10-01 14:00:00+00:00,0.039
685502,2026-10-01 13:45:00+00:00,0.04
685502,2026-10-01 13:30:00+00:00,0.04
685502,2026-10-01 13:15:00+00:00,0.04
685502,2026-10-01 13:00:00+00:00,0.04
685502,2026-10-01 12:45:00+00:00,0.04
685502,2026-10-01 12:30:00+00:00,0.04
685502,2026-10-01 12:15:00+00:00,0.041
685502,2026-10-01 12:00:00+00:00,0.042
685502,2026-10-01 11:45:00+00:00,0.042
685502,2026-10-01 11:30:00+00:00,0.042
685502,2026-10-01 11:15:00+00:00,0.041
685502,2026-10-01 11:00:00+00:00,0.041
685502,2026-10-01 10:45:00+00:00,0.041
685502,2026-10-01 10:30:00+00:00,0.042
685502,2026-10-01 10:15:00+00:00,0.042
685502,2026-10-01 10:00:00+00:00,0.042
685502,2026-10-01 09:45:00+00:00,0.043
685502,2026-10-01 09:30:00+00:00,0.044
685502,2026-10-01 09:15:00+00:00,0.043
685502,2026-10-01 09:00:00+00:00,0.043
685502,2026-10-01 08:45:00+00:00,0.043
685502,2026-10-01 08:30:00+00:00,0.044
685502,2026-10-01 08:15:00+00:00,0.045
685502,2026-10-01 08:00:00+00:00,0.045
685502,2026-10-01 07:45:00+00:00,0.045
685502,2026-10-01 07:30:00+00:00,0.044
685502,2026-10-01 07:15:00+00:00,0.042
685502,2026-10-01 07:00:00+00:00,0.042
685502,2026-10-01 06:45:00+00:00,0.042
685502,2026-10-01 06:30:00+00:00,0.042
685502,2026-10-01 06:15:00+00:00,0.043
685502,2026-10-01 06:00:00+00:00,0.043
685502,2026-10-01 05:45:00+00:00,0.043
685502,2026-10-01 05:30:00+00:00,0.043
685502,2026-10-01 05:15:00+00:00,0.043
685502,2026-10-01 05:00:00+00:00,0.043
685502,2026-10-01 04:45:00+00:00,0.044
685502,2026-10-01 04:30:00+00:00,0.044
685502,2026-10-01 04:15:00+00:00,0.044
685502,2026-10-01 04:00:00+00:00,0.044
685502,2026-10-01 03:45:00+00:00,0.044
685502,2026-10-01 03:30:00+00:00,0.044
685502,2026-10-01 03:15:00+00:00,0.045
685502,2026-10-01 03:00:00+00:00,0.045
685502,2026-10-01 02:45:00+00:00,0.045
685502,2026-10-01 02:30:00+00:00,0.045
685502,2026-10-01 02:15:00+00:00,0.045
685502,2026-10-01 02:00:00+00:00,0.045
685502,2026-10-01 01:45:00+00:00,0.046
685502,2026-10-01 01:30:00+00:00,0.046
685502,2026-10-01 01:15:00+00:00,0.046
685502,2026-10-01 01:00:00+00:00,0.046
685502,2026-10-01 00:45:00+00:00,0.046
685502,2026-10-01 00:30:00+00:00,0.046
685502,2026-10-01 00:15:00+00:00,0.047
685502,2026-10-01 00:00:00+00:00,0.047
685502,2026-09-30 23:45:00+00:00,0.047
685502,2026-09-30 23:30:00+00:00,0.047
685502,2026-09-30 23:15:00+00:00,0.048
685502,2026-09-30 23:00:00+00:00,0.048
685502,2026-09-30 22:45:00+00:00,0.048
685502,2026-09-30 22:30:00+00:00,0.048
685502,2026-09-30 22:15:00+00:00,0.049
685502,2026-09-30 22:00:00+00:00,0.049
685502,2026-09-30 21:45:00+00:00,0.049
685502,2026-09-30 21:30:00+00:00,0.049
685502,2026-09-30 21:15:00+00:00,0.05
685502,2026-09-30 21:00:00+00:00,0.05
685502,2026-09-30 20:45:00+00:00,0.05
685502,2026-09-30 20:15:00+00:00,0.051
685502,2026-09-30 20:00:00+00:00,0.051
685502,2026-09-30 19:45:00+00:00,0.052
685502,2026-09-30 19:30:00+00:00,0.052
685502,2026-09-30 19:15:00+00:00,0.053
685502,2026-09-30 19:00:00+00:00,0.053
685502,2026-09-30 18:45:00+00:00,0.053
685502,2026-09-30 18:30:00+00:00,0.054
685502,2026-09-30 18:15:00+00:00,0.054
685502,2026-09-30 18:00:00+00:00,0.055
685502,2026-09-30 17:45:00+00:00,0.055
685502,2026-09-30 17:30:00+00:00,0.056
685502,2026-09-30 17:15:00+00:00,0.056
685502,2026-09-30 17:00:00+00:00,0.057
685502,2026-09-30 16:45:00+00:00,0.058
685502,2026-09-30 16:30:00+00:00,0.058
685502,2026-09-30 16:15:00+00:00,0.059
685502,2026-09-30 16:00:00+00:00,0.059
685502,2026-09-30 15:45:00+00:00,0.06
685502,2026-09-30 15:30:00+00:00,0.061
685502,2026-09-30 15:15:00+00:00,0.062
685502,2026-09-30 15:00:00+00:00,0.063
685502,2026-09-30 14:45:00+00:00,0.064
685502,2026-09-30 14:30:00+00:00,0.064
685502,2026-09-30 14:15:00+00:00,0.065
685502,2026-09-30 14:00:00+00:00,0.066
685502,2026-09-30 13:45:00+00:00,0.067
685502,2026-09-30 13:30:00+00:00,0.067
685502,2026-09-30 13:15:00+00:00,0.069
685502,2026-09-30 13:00:00+00:00,0.07
685502,2026-09-30 12:45:00+00:00,0.071
685502,2026-09-30 12:30:00+00:00,0.073
685502,2026-09-30 12:15:00+00:00,0.074
685502,2026-09-30 12:00:00+00:00,0.076
685502,2026-09-30 11:45:00+00:00,0.078
685502,2026-09-30 11:30:00+00:00,0.079
685502,2026-09-30 11:15:00+00:00,0.081
685502,2026-09-30 11:00:00+00:00,0.083
685502,2026-09-30 10:45:00+00:00,0.086
685502,2026-09-30 10:30:00+00:00,0.088
685502,2026-09-30 10:15:00+00:00,0.09
685502,2026-09-30 10:00:00+00:00,0.093
685502,2026-09-30 09:45:00+00:00,0.096
685502,2026-09-30 09:30:00+00:00,0.099
685502,2026-09-30 09:15:00+00:00,0.102
685502,2026-09-30 09:00:00+00:00,0.104
685502,2026-09-30 08:45:00+00:00,0.099
685502,2026-09-30 08:30:00+00:00,0.086
685502,2026-09-30 08:15:00+00:00,0.088
685502,2026-09-30 08:00:00+00:00,0.091
685502,2026-09-30 07:45:00+00:00,0.094
685502,2026-09-30 07:30:00+00:00,0.096
685502,2026-09-30 07:15:00+00:00,0.102
685502,2026-09-30 07:00:00+00:00,0.053
685502,2026-09-30 06:45:00+00:00,0.053
685502,2026-09-30 06:30:00+00:00,0.041
685502,2026-09-30 06:15:00+00:00,0.039
685502,2026-09-30 06:00:00+00:00,0.038
685502,2026-09-30 05:45:00+00:00,0.037
685502,2026-09-30 05:30:00+00:00,0.036
685502,2026-09-30 05:15:00+00:00,0.037
685502,2026-09-30 05:00:00+00:00,0.037
685502,2026-09-30 04:45:00+00:00,0.036
685502,2026-09-30 04:30:00+00:00,0.032
685502,2026-09-30 04:15:00+00:00,0.032
685502,2026-09-30 04:00:00+00:00,0.032
685502,2026-09-30 03:45:00+00:00,0.032
685502,2026-09-30 03:30:00+00:00,0.032
685502,2026-09-30 03:15:00+00:00,0.032
685502,2026-09-30 03:00:00+00:00,0.032
685502,2026-09-30 02:45:00+00:00,0.032
685502,2026-09-30 02:30:00+00:00,0.032
685502,2026-09-30 02:15:00+00:00,0.032
685502,2026-09-30 02:00:00+00:00,0.032
685502,2026-09-30 01:45:00+00:00,0.032
685502,2026-09-30 01:30:00+00:00,0.032
685502,2026-09-30 01:15:00+00:00,0.032
685502,2026-09-30 01:00:00+00:00,0.032
685502,2026-09-30 00:45:00+00:00,0.033
685502,2026-09-30 00:30:00+00:00,0.033
685502,2026-09-30 00:15:00+00:00,0.034
685502,2026-09-30 00:00:00+00:00,0.034
685502,2026-09-29 23:45:00+00:00,0.034
685502,2026-09-29 23:30:00+00:00,0.034
685502,2026-09-29 23:15:00+00:00,0.034
685502,2026-09-29 23:00:00+00:00,0.034
685502,2026-09-29 22:45:00+00:00,0.033
685502,2026-09-29 22:30:00+00:00,0.033
685502,2026-09-29 22:15:00+00:00,0.032
685502,2026-09-29 22:00:00+00:00,0.032
685502,2026-09-29 21:45:00+00:00,0.032
685502,2026-09-29 21:30:00+00:00,0.033
685502,2026-09-29 21:15:00+00:00,0.033
685502,2026-09-29 21:00:00+00:00,0.034
685502,2026-09-29 20:45:00+00:00,0.034
685502,2026-09-29 20:30:00+00:00,0.034
685502,2026-09-29 20:15:00+00:00,0.035
685502,2026-09-29 20:00:00+00:00,0.035
685502,2026-09-29 19:45:00+00:00,0.035
685502,2026-09-29 19:30:00+00:00,0.035
685502,2026-09-29 19:15:00+00:00,0.033
685502,2026-09-29 19:00:00+00:00,0.032
685502,2026-09-29 18:45:00+00:00,0.032
685502,2026-09-29 18:30:00+00:00,0.032
685502,2026-09-29 18:15:00+00:00,0.032
685502,2026-09-29 18:00:00+00:00,0.032
685502,2026-09-29 17:45:00+00:00,0.033
685502,2026-09-29 17:30:00+00:00,0.033
685502,2026-09-29 17:15:00+00:00,0.033
685502,2026-09-29 17:00:00+00:00,0.032
685502,2026-09-29 16:45:00+00:00,0.032
685502,2026-09-29 16:30:00+00:00,0.032
685502,2026-09-29 16:15:00+00:00,0.033
685502,2026-09-29 16:00:00+00:00,0.032
685502,2026-09-29 15:45:00+00:00,0.032
685502,2026-09-29 15:30:00+00:00,0.033
685502,2026-09-29 15:15:00+00:00,0.034
685502,2026-09-29 15:00:00+00:00,0.034
685502,2026-09-29 14:45:00+00:00,0.034
685502,2026-09-29 14:30:00+00:00,0.035
685502,2026-09-29 14:15:00+00:00,0.035
685502,2026-09-29 14:00:00+00:00,0.036
685502,2026-09-29 13:45:00+00:00,0.036
685502,2026-09-29 13:30:00+00:00,0.037
685502,2026-09-29 13:15:00+00:00,0.037
685502,2026-09-29 13:00:00+00:00,0.037
685502,2026-09-29 12:45:00+00:00,0.036
685502,2026-09-29 12:30:00+00:00,0.035
685502,2026-09-29 12:15:00+00:00,0.035
685502,2026-09-29 12:00:00+00:00,0.035
685502,2026-09-29 11:45:00+00:00,0.035
685502,2026-09-29 11:30:00+00:00,0.035
685502,2026-09-29 11:15:00+00:00,0.036
685502,2026-09-29 11:00:00+00:00,0.037
685502,2026-09-29 10:45:00+00:00,0.037
685502,2026-09-29 10:30:00+00:00,0.037
685502,2026-09-29 10:15:00+00:00,0.037
685502,2026-09-29 10:00:00+00:00,0.035
685502,2026-09-29 09:45:00+00:00,0.032
685502,2026-09-29 09:30:00+00:00,0.03
685502,2026-09-29 09:15:00+00:00,0.029
685502,2026-09-29 09:00:00+00:00,0.029
685502,2026-09-29 08:45:00+00:00,0.029
685502,2026-09-29 08:30:00+00:00,0.029
685502,2026-09-29 08:15:00+00:00,0.029
685502,2026-09-29 08:00:00+00:00,0.029
685502,2026-09-29 07:45:00+00:00,0.028
685502,2026-09-29 07:30:00+00:00,0.028
685502,2026-09-29 07:15:00+00:00,0.028
685502,2026-09-29 07:00:00+00:00,0.028
685502,2026-09-29 06:45:00+00:00,0.027
685502,2026-09-29 06:30:00+00:00,0.027
685502,2026-09-29 06:15:00+00:00,0.027
685502,2026-09-29 06:00:00+00:00,0.027
685502,2026-09-29 05:45:00+00:00,0.027
685502,2026-09-29 05:30:00+00:00,0.027
685502,2026-09-29 05:15:00+00:00,0.027
685502,2026-09-29 05:00:00+00:00,0.027
685502,2026-09-29 04:45:00+00:00,0.026
685502,2026-09-29 04:30:00+00:00,0.027
685502,2026-09-29 04:15:00+00:00,0.027
685502,2026-09-29 04:00:00+00:00,0.027
685502,2026-09-29 03:45:00+00:00,0.027
685502,2026-09-29 03:30:00+00:00,0.027
685502,2026-09-29 03:15:00+00:00,0.027
685502,2026-09-29 03:00:00+00:00,0.028
685502,2026-09-29 02:45:00+00:00,0.028
685502,2026-09-29 02:30:00+00:00,0.028
685502,2026-09-29 02:15:00+00:00,0.028
685502,2026-09-29 02:00:00+00:00,0.028
685502,2026-09-29 01:45:00+00:00,0.027
685502,2026-09-29 01:30:00+00:00,0.027
685502,2026-09-29 01:15:00+00:00,0.027
685502,2026-09-29 01:00:00+00:00,0.026
685502,2026-09-29 00:45:00+00:00,0.026
685502,2026-09-29 00:30:00+00:00,0.026
685502,2026-09-29 00:15:00+00:00,0.026
685502,2026-09-29 00:00:00+00:00,0.027
685502,2026-09-28 23:45:00+00:00,0.027
685502,2026-09-28 23:30:00+00:00,0.027
685502,2026-09-28 23:15:00+00:00,0.027
685502,2026-09-28 23:00:00+00:00,0.027
685502,2026-09-28 22:45:00+00:00,0.027
685502,2026-09-28 22:30:00+00:00,0.027
685502,2026-09-28 22:15:00+00:00,0.028
685502,2026-09-28 22:00:00+00:00,0.028
685502,2026-09-28 21:45:00+00:00,0.029
685502,2026-09-28 21:30:00+00:00,0.029
685502,2026-09-28 21:15:00+00:00,0.029
685502,2026-09-28 21:00:00+00:00,0.029
685502,2026-09-28 20:45:00+00:00,0.029
685502,2026-09-28 20:30:00+00:00,0.027
685502,2026-09-28 20:15:00+00:00,0.026
685502,2026-09-28 20:00:00+00:00,0.025
685502,2026-09-28 19:45:00+00:00,0.025
685502,2026-09-28 19:30:00+00:00,0.025
685502,2026-09-28 19:15:00+00:00,0.026
685502,2026-09-28 19:00:00+00:00,0.026
685502,2026-09-28 18:45:00+00:00,0.026
685502,2026-09-28 18:30:00+00:00,0.026
685502,2026-09-28 18:15:00+00:00,0.027
685502,2026-09-28 18:00:00+00:00,0.027
685502,2026-09-28 17:45:00+00:00,0.027
685502,2026-09-28 17:30:00+00:00,0.028
685502,2026-09-28 17:15:00+00:00,0.028
685502,2026-09-28 17:00:00+00:00,0.028
685502,2026-09-28 16:45:00+00:00,0.029
685502,2026-09-28 16:30:00+00:00,0.029
685502,2026-09-28 16:15:00+00:00,0.029
685502,2026-09-28 16:00:00+00:00,0.03
685502,2026-09-28 15:45:00+00:00,0.03
685502,2026-09-28 15:30:00+00:00,0.03
685502,2026-09-28 15:15:00+00:00,0.031
685502,2026-09-28 15:00:00+00:00,0.031
685502,2026-09-28 14:45:00+00:00,0.032
685502,2026-09-28 14:30:00+00:00,0.032
685502,2026-09-28 14:15:00+00:00,0.032
685502,2026-09-28 14:00:00+00:00,0.033
685502,2026-09-28 13:45:00+00:00,0.033
685502,2026-09-28 13:30:00+00:00,0.032
685502,2026-09-28 13:15:00+00:00,0.031
685502,2026-09-28 13:00:00+00:00,0.031
685502,2026-09-28 12:45:00+00:00,0.032
685502,2026-09-28 12:30:00+00:00,0.032
685502,2026-09-28 12:15:00+00:00,0.033
685502,2026-09-28 12:00:00+00:00,0.033
685502,2026-09-28 11:45:00+00:00,0.034
685502,2026-09-28 11:30:00+00:00,0.034
685502,2026-09-28 11:15:00+00:00,0.035
685502,2026-09-28 11:00:00+00:00,0.036
685502,2026-09-28 10:45:00+00:00,0.037
685502,2026-09-28 10:30:00+00:00,0.037
685502,2026-09-28 10:15:00+00:00,0.034
685502,2026-09-28 10:00:00+00:00,0.029
685502,2026-09-28 09:45:00+00:00,0.028
685502,2026-09-28 09:30:00+00:00,0.028
685502,2026-09-28 09:15:00+00:00,0.028
685502,2026-09-28 09:00:00+00:00,0.028
685502,2026-09-28 08:45:00+00:00,0.028
685502,2026-09-28 08:30:00+00:00,0.028
685502,2026-09-28 08:15:00+00:00,0.028
685502,2026-09-28 08:00:00+00:00,0.028
685502,2026-09-28 07:45:00+00:00,0.028
685502,2026-09-28 07:30:00+00:00,0.028
685502,2026-09-28 07:15:00+00:00,0.027
685502,2026-09-28 07:00:00+00:00,0.027
685502,2026-09-28 06:45:00+00:00,0.027
685502,2026-09-28 06:30:00+00:00,0.027
685502,2026-09-28 06:15:00+00:00,0.028
685502,2026-09-28 06:00:00+00:00,0.027
685502,2026-09-28 05:45:00+00:00,0.027
685502,2026-09-28 05:30:00+00:00,0.027
685502,2026-09-28 05:15:00+00:00,0.028
685502,2026-09-28 05:00:00+00:00,0.028
685502,2026-09-28 04:45:00+00:00,0.028
685502,2026-09-28 04:30:00+00:00,0.028
685502,2026-09-28 04:15:00+00:00,0.028
685502,2026-09-28 04:00:00+00:00,0.028
685502,2026-09-28 03:45:00+00:00,0.028
685502,2026-09-28 03:30:00+00:00,0.028
685502,2026-09-28 03:15:00+00:00,0.028
685502,2026-09-28 03:00:00+00:00,0.028
685502,2026-09-28 02:45:00+00:00,0.028
685502,2026-09-28 02:30:00+00:00,0.027
685502,2026-09-28 02:15:00+00:00,0.027
685502,2026-09-28 02:00:00+00:00,0.027
685502,2026-09-28 01:45:00+00:00,0.027
685502,2026-09-28 01:30:00+00:00,0.027
685502,2026-09-28 01:15:00+00:00,0.027
685502,2026-09-28 01:00:00+00:00,0.027
685502,2026-09-28 00:45:00+00:00,0.027
685502,2026-09-28 00:30:00+00:00,0.027
685502,2026-09-28 00:15:00+00:00,0.028
685502,2026-09-28 00:00:00+00:00,0.028
685502,2026-09-27 23:45:00+00:00,0.028
685502,2026-09-27 23:30:00+00:00,0.028
685502,2026-09-27 23:15:00+00:00,0.029
685502,2026-09-27 23:00:00+00:00,0.029
685502,2026-09-27 22:45:00+00:00,0.029
685502,2026-09-27 22:30:00+00:00,0.029
685502,2026-09-27 22:15:00+00:00,0.029
685502,2026-09-27 22:00:00+00:00,0.029
685502,2026-09-27 21:45:00+00:00,0.029
685502,2026-09-27 21:30:00+00:00,0.03
685502,2026-09-27 21:15:00+00:00,0.03
685502,2026-09-27 21:00:00+00:00,0.031
685502,2026-09-27 20:45:00+00:00,0.031
685502,2026-09-27 20:30:00+00:00,0.032
685502,2026-09-27 20:15:00+00:00,0.032
685502,2026-09-27 20:00:00+00:00,0.033
685502,2026-09-27 19:45:00+00:00,0.033
685502,2026-09-27 19:30:00+00:00,0.033
685502,2026-09-27 19:15:00+00:00,0.033
685502,2026-09-27 19:00:00+00:00,0.032
685502,2026-09-27 18:45:00+00:00,0.031
685502,2026-09-27 18:30:00+00:00,0.031
685502,2026-09-27 18:15:00+00:00,0.031
685502,2026-09-27 18:00:00+00:00,0.031
685502,2026-09-27 17:45:00+00:00,0.031
685502,2026-09-27 17:30:00+00:00,0.032
685502,2026-09-27 17:15:00+00:00,0.032
685502,2026-09-27 17:00:00+00:00,0.032
685502,2026-09-27 16:45:00+00:00,0.032
685502,2026-09-27 16:30:00+00:00,0.032
685502,2026-09-27 16:15:00+00:00,0.033
685502,2026-09-27 16:00:00+00:00,0.033
685502,2026-09-27 15:45:00+00:00,0.034
685502,2026-09-27 15:30:00+00:00,0.034
685502,2026-09-27 15:15:00+00:00,0.035
685502,2026-09-27 15:00:00+00:00,0.035
685502,2026-09-27 14:45:00+00:00,0.034
685502,2026-09-27 14:30:00+00:00,0.034
685502,2026-09-27 14:15:00+00:00,0.033
685502,2026-09-27 14:00:00+00:00,0.033
685502,2026-09-27 13:45:00+00:00,0.033
685502,2026-09-27 13:30:00+00:00,0.034
685502,2026-09-27 13:15:00+00:00,0.035
685502,2026-09-27 13:00:00+00:00,0.035
685502,2026-09-27 12:45:00+00:00,0.036
685502,2026-09-27 12:30:00+00:00,0.036
685502,2026-09-27 12:15:00+00:00,0.037
685502,2026-09-27 12:00:00+00:00,0.036
685502,2026-09-27 11:45:00+00:00,0.035
685502,2026-09-27 11:30:00+00:00,0.035
685502,2026-09-27 11:15:00+00:00,0.035
685502,2026-09-27 11:00:00+00:00,0.035
685502,2026-09-27 10:45:00+00:00,0.036
685502,2026-09-27 10:30:00+00:00,0.035
685502,2026-09-27 10:15:00+00:00,0.035
685502,2026-09-27 10:00:00+00:00,0.033
685502,2026-09-27 09:45:00+00:00,0.032
685502,2026-09-27 09:30:00+00:00,0.032
685502,2026-09-27 09:15:00+00:00,0.031
685502,2026-09-27 09:00:00+00:00,0.03
685502,2026-09-27 08:45:00+00:00,0.03
685502,2026-09-27 08:30:00+00:00,0.03
685502,2026-09-27 08:15:00+00:00,0.03
685502,2026-09-27 08:00:00+00:00,0.03
685502,2026-09-27 07:45:00+00:00,0.03
685502,2026-09-27 07:30:00+00:00,0.03
685502,2026-09-27 07:15:00+00:00,0.03
685502,2026-09-27 07:00:00+00:00,0.03
685502,2026-09-27 06:45:00+00:00,0.03
685502,2026-09-27 06:30:00+00:00,0.03
685502,2026-09-27 06:15:00+00:00,0.03
685502,2026-09-27 06:00:00+00:00,0.03
685502,2026-09-27 05:45:00+00:00,0.03
685502,2026-09-27 05:30:00+00:00,0.03
685502,2026-09-27 05:15:00+00:00,0.03
685502,2026-09-27 05:00:00+00:00,0.03
685502,2026-09-27 04:45:00+00:00,0.03
685502,2026-09-27 04:30:00+00:00,0.03
685502,2026-09-27 04:15:00+00:00,0.03
685502,2026-09-27 04:00:00+00:00,0.03
685502,2026-09-27 03:45:00+00:00,0.03
685502,2026-09-27 03:30:00+00:00,0.03
685502,2026-09-27 03:15:00+00:00,0.03
685502,2026-09-27 03:00:00+00:00,0.03
685502,2026-09-27 02:45:00+00:00,0.031
685502,2026-09-27 02:30:00+00:00,0.031
685502,2026-09-27 02:15:00+00:00,0.031
685502,2026-09-27 02:00:00+00:00,0.031
685502,2026-09-27 01:45:00+00:00,0.031
685502,2026-09-27 01:30:00+00:00,0.031
685502,2026-09-27 01:15:00+00:00,0.031
685502,2026-09-27 01:00:00+00:00,0.03
685502,2026-09-27 00:45:00+00:00,0.03
685502,2026-09-27 00:30:00+00:00,0.03
685502,2026-09-27 00:15:00+00:00,0.03
685502,2026-09-27 00:00:00+00:00,0.03
685502,2026-09-26 23:45:00+00:00,0.03
685502,2026-09-26 23:30:00+00:00,0.03
685502,2026-09-26 23:15:00+00:00,0.031
685502,2026-09-26 23:00:00+00:00,0.031
685502,2026-09-26 22:45:00+00:00,0.031
685502,2026-09-26 22:30:00+00:00,0.031
685502,2026-09-26 22:15:00+00:00,0.031
685502,2026-09-26 22:00:00+00:00,0.032
685502,2026-09-26 21:45:00+00:00,0.032
685502,2026-09-26 21:30:00+00:00,0.032
685502,2026-09-26 21:15:00+00:00,0.032
685502,2026-09-26 21:00:00+00:00,0.032
685502,2026-09-26 20:45:00+00:00,0.033
685502,2026-09-26 20:30:00+00:00,0.033
685502,2026-09-26 20:15:00+00:00,0.034
685502,2026-09-26 20:00:00+00:00,0.034
685502,2026-09-26 19:45:00+00:00,0.034
685502,2026-09-26 19:30:00+00:00,0.035
685502,2026-09-26 19:15:00+00:00,0.035
685502,2026-09-26 19:00:00+00:00,0.036
685502,2026-09-26 18:45:00+00:00,0.036
685502,2026-09-26 18:30:00+00:00,0.037
685502,2026-09-26 18:15:00+00:00,0.037
685502,2026-09-26 18:00:00+00:00,0.037
685502,2026-09-26 17:45:00+00:00,0.037
685502,2026-09-26 17:30:00+00:00,0.036
685502,2026-09-26 17:15:00+00:00,0.036
685502,2026-09-26 17:00:00+00:00,0.036
685502,2026-09-26 16:45:00+00:00,0.037
685502,2026-09-26 16:30:00+00:00,0.037
685502,2026-09-26 16:15:00+00:00,0.037
685502,2026-09-26 16:00:00+00:00,0.037
685502,2026-09-26 15:45:00+00:00,0.037
685502,2026-09-26 15:30:00+00:00,0.037
685502,2026-09-26 15:15:00+00:00,0.037
685502,2026-09-26 15:00:00+00:00,0.037
685502,2026-09-26 14:45:00+00:00,0.038
685502,2026-09-26 14:30:00+00:00,0.038
685502,2026-09-26 14:15:00+00:00,0.039
685502,2026-09-26 14:00:00+00:00,0.04
685502,2026-09-26 13:45:00+00:00,0.04
685502,2026-09-26 13:30:00+00:00,0.041
685502,2026-09-26 13:15:00+00:00,0.042
685502,2026-09-26 13:00:00+00:00,0.042
685502,2026-09-26 12:45:00+00:00,0.04
685502,2026-09-26 12:30:00+00:00,0.04
685502,2026-09-26 12:15:00+00:00,0.039
685502,2026-09-26 12:00:00+00:00,0.04
685502,2026-09-26 11:45:00+00:00,0.04
685502,2026-09-26 11:30:00+00:00,0.04
685502,2026-09-26 11:15:00+00:00,0.04
685502,2026-09-26 11:00:00+00:00,0.04
685502,2026-09-26 10:45:00+00:00,0.04
685502,2026-09-26 10:30:00+00:00,0.041
685502,2026-09-26 10:15:00+00:00,0.041
685502,2026-09-26 10:00:00+00:00,0.042
685502,2026-09-26 09:45:00+00:00,0.041
685502,2026-09-26 09:30:00+00:00,0.041
685502,2026-09-26 09:15:00+00:00,0.041
685502,2026-09-26 09:00:00+00:00,0.04
685502,2026-09-26 08:45:00+00:00,0.04
